2.63091,2.6158,1
0.637775,1.1286,-1
0.59006,2.11086,27
2.54088,2.16302,2
-0.363923,2.4912,-1
1.43418,2.83282,21
2.03751,2.02006,3
-0.313673,1.82581,-1
2.23385,0.645734,-1
2.20521,2.06413,3
0.126112,0.439017,-1
2.36693,1.13466,4
2.00964,2.79119,5
3.03143,2.4846,-1
2.4296,1.08474,4
1.87429,1.74971,3
2.71961,2.86855,29
1.8518,2.66224,5
3.29739,4.05593,-1
3.2374,2.24973,-1
3.50967,-0.0791016,-1
1.01149,3.13789,-1
2.32543,3.38089,-1
1.05113,1.66078,-1
1.76411,3.24777,6
0.667888,0.225412,-1
3.54386,1.65125,-1
2.32805,2.71376,-1
2.15181,2.99656,7
1.96308,1.35528,-1
3.39963,2.86378,22
1.98618,2.35936,3
1.78269,0.988167,8
1.9025,3.97209,-1
1.46135,2.40052,9
1.00869,2.81337,-1
2.03584,2.66632,5
1.51844,2.30508,9
0.726828,1.59318,-1
1.58484,1.75884,10
1.54225,1.71297,10
1.24007,1.75638,-1
2.35596,0.810584,4
1.35779,4.27151,-1
1.75415,2.81401,11
2.81915,1.22197,-1
2.30528,4.01532,-1
2.12206,2.42067,3
2.7302,3.86245,-1
3.73927,2.39822,-1
2.09162,2.76231,5
2.18412,1.26974,-1
1.48606,2.06942,9
1.83671,3.11006,6
2.24003,2.49106,3
1.53727,2.39494,9
3.04513,2.73939,12
2.67109,4.37068,-1
2.8462,-0.138418,-1
2.9891,2.92334,19
0.951644,0.654541,-1
1.98484,1.02196,13
0.337687,3.10978,-1
2.26766,1.67926,34
1.77829,0.953968,8
2.34195,1.84664,2
2.00593,3.01799,7
2.55411,3.25573,-1
1.43434,1.09763,14
2.37401,2.29639,3
2.83445,1.00029,-1
3.11856,0.466167,-1
2.93496,0.915595,23
1.31411,1.83098,24
1.68973,0.844089,8
1.71418,1.19022,-1
3.09232,3.50812,-1
2.06025,3.00366,7
1.76052,3.18043,6
3.37315,2.2839,30
0.0186671,2.70899,-1
1.51917,2.57901,-1
1.86561,0.878179,-1
1.60334,3.53919,26
3.0914,1.81543,-1
3.06832,0.820139,-1
1.69111,2.45638,9
0.921795,2.91163,-1
1.93442,1.10617,13
3.7738,3.25489,-1
1.00007,2.20927,-1
1.97778,1.61684,3
1.2863,2.96371,-1
1.49325,1.88666,-1
2.00035,1.88118,3
2.97034,2.78721,12
2.90998,2.28419,-1
1.91475,3.11649,-1
2.61445,1.58448,-1
1.93295,2.70874,5
1.56621,1.52493,15
2.23344,2.97141,7
2.40831,2.97864,-1
2.41265,1.02873,4
3.33625,1.57605,-1
1.70985,1.11951,-1
1.09215,0.943991,-1
2.19304,1.37704,-1
1.1984,2.0411,24
1.08332,2.58825,16
3.0799,3.42701,-1
3.08708,3.15797,20
1.55201,2.12024,9
1.50894,0.490061,-1
2.06194,1.61403,3
0.365524,2.10304,-1
2.50668,1.62917,17
1.48223,2.02662,9
2.43504,2.23687,-1
2.10729,2.01747,3
1.2168,3.16838,-1
0.247591,3.94707,-1
2.2059,0.786398,4
1.54398,0.943407,-1
0.916715,3.02258,-1
2.67553,2.54688,1
1.54925,2.20905,9
1.41471,0.577121,32
2.30689,1.89831,2
1.72077,1.71562,-1
2.75701,1.1837,-1
2.55424,2.40122,1
0.346352,3.86798,-1
2.08889,1.39648,-1
-0.868999,1.88704,-1
1.84519,0.510837,-1
2.57805,1.34041,28
2.07136,0.776117,-1
2.22026,2.34607,3
1.9754,1.98043,3
2.64047,2.72449,1
3.3868,2.51183,-1
1.74861,3.61768,-1
1.08798,2.13897,-1
3.23828,0.698206,31
2.66852,1.71237,-1
0.664974,1.97649,-1
0.867345,2.28843,18
3.3227,2.1523,30
2.63433,1.43901,-1
1.61091,1.35643,15
2.73996,1.42538,-1
2.06639,1.9946,3
1.29233,1.24773,14
3.20912,1.47499,-1
2.36571,2.01702,2
1.94401,2.2996,3
1.25496,1.40124,-1
0.798363,-0.10163,-1
2.93592,2.86735,19
1.78954,2.55445,5
1.04946,1.12485,-1
1.01806,0.913076,-1
1.43944,1.02813,14
1.60339,-0.160718,-1
3.25865,1.48247,-1
2.35999,2.81644,-1
2.43959,-0.0141074,-1
1.67624,2.9427,11
0.75772,1.91623,-1
2.23745,0.23891,-1
1.94697,1.23248,13
1.40856,0.605418,32
2.6781,0.90929,-1
2.1964,1.6641,34
2.27377,3.2565,-1
2.56437,3.36315,-1
2.47459,3.31765,-1
1.86738,2.06533,3
3.22581,2.36165,-1
1.60186,2.2737,9
2.36557,0.108638,-1
2.39055,1.59983,17
3.27993,0.710937,31
3.08869,0.575333,-1
0.531797,0.288963,-1
1.14934,1.61416,-1
1.35046,0.60323,-1
1.84018,2.21984,-1
2.46623,2.86221,-1
3.09611,3.25122,20
1.81611,3.23845,6
-0.19392,2.56418,-1
1.89292,0.549119,-1
1.6314,2.09202,9
1.77259,2.64082,5
1.38784,0.782724,-1
1.30823,0.978132,14
1.93895,2.66311,5
1.62118,3.03475,-1
1.5393,0.805692,-1
2.43269,1.76606,17
2.03248,1.74619,3
1.39308,2.81148,21
1.44724,1.955,-1
4.49771,1.66777,-1
2.66862,2.75791,-1
1.87665,0.76794,-1
0.953172,2.65558,-1
2.65158,2.49279,1
2.09748,2.08961,3
2.04796,2.71346,5
3.00696,3.34576,-1
3.33067,1.94205,-1
2.93121,2.60949,-1
2.48252,2.07892,2
0.535506,2.2391,27
2.15489,2.85634,7
1.06086,2.90362,-1
2.58632,0.722797,-1
3.58205,2.98903,-1
1.62705,1.80464,10
3.07385,2.81113,12
1.76306,1.03429,8
1.7507,3.3806,26
0.685791,0.848237,-1
2.48491,3.08085,-1
2.29598,2.39452,3
0.581243,2.23276,27
1.88331,0.903503,-1
3.35502,2.92142,22
2.20919,2.30613,3
1.75927,2.07302,3
0.300489,0.774778,-1
1.11383,2.65155,16
2.63319,0.467824,-1
3.33268,2.41217,-1
1.59469,1.4325,15
3.17523,0.931318,-1
2.01569,1.97534,3
1.3403,1.17266,14
0.805589,2.70411,-1
2.59256,3.98858,-1
3.28847,0.720321,31
3.338,2.78281,22
3.15922,2.07133,-1
1.1169,1.90002,-1
2.20893,1.32832,-1
1.44388,2.33668,9
1.02531,2.82387,-1
1.85087,2.48056,5
1.0309,1.40646,-1
4.00103,3.65189,-1
1.70054,1.76702,10
1.91892,2.00554,3
3.21778,2.14509,-1
1.31476,2.85748,21
2.14424,3.95786,-1
1.43112,3.09886,-1
1.31319,3.63974,-1
1.73888,1.98104,3
2.49917,2.08408,2
2.31107,2.01261,2
1.79773,2.8397,11
1.69058,0.761796,8
2.52203,2.0892,2
1.46979,0.153838,-1
2.17671,2.0547,3
4.57892,2.32513,-1
3.84849,2.89116,-1
2.48426,0.103356,-1
2.05194,1.1881,13
2.2918,1.14479,-1
4.0498,3.23763,-1
2.55814,0.629829,-1
2.11988,2.25403,3
2.9844,2.90695,19
2.00015,0.92341,13
2.43709,1.66504,17
2.82269,0.754346,-1
1.01182,0.620987,-1
2.29449,1.94575,2
1.36816,4.176,-1
2.03619,2.91048,7
1.54411,1.51831,15
2.94235,2.62634,-1
1.10006,1.01807,-1
2.18651,0.460851,-1
3.3507,2.36465,-1
0.762617,2.00157,-1
-0.528217,2.12099,-1
0.958352,2.95502,-1
2.17249,0.745511,4
3.6605,1.87225,-1
2.95746,0.826147,23
3.75618,1.78926,-1
1.29917,1.89939,24
1.8233,4.24982,-1
0.618824,3.29124,-1
4.05532,2.40261,-1
2.49357,3.12308,-1
2.00674,2.17652,3
2.55878,2.09616,2
1.6771,0.810438,8
1.96134,3.45293,-1
1.02298,2.4455,-1
1.75241,2.147,3
1.56363,2.40561,9
1.9419,-0.0568646,-1
0.767435,4.06949,-1
0.906079,2.30192,18
2.78443,2.12349,-1
3.54501,2.87156,-1
0.603225,0.342331,-1
1.57579,1.72219,10
1.08372,3.24622,-1
2.39473,0.945639,4
2.2722,2.39276,3
0.917029,1.98905,25
2.07876,1.91766,3
2.73174,2.42207,2
0.610643,3.60295,-1
1.89595,1.61149,3
2.48848,-0.0812297,-1
1.36919,2.7455,21
0.837217,2.24186,18
0.848884,2.54014,18
2.64797,2.2778,2
2.11969,1.4672,-1
-0.293601,2.84977,-1
1.08107,3.39061,-1
1.26954,1.42777,-1
1.71203,0.217558,-1
-0.449231,1.99221,-1
2.24944,3.09671,-1
2.98353,1.39385,-1
2.45106,1.69995,17
1.97823,2.18336,3
2.60386,0.8259,-1
-0.187532,3.01586,-1
0.673547,1.44158,-1
2.42676,1.96772,2
2.32879,0.697758,-1
2.03793,1.67652,3
1.62408,1.4746,15
0.558418,1.66881,-1
2.70323,2.33775,2
3.12855,2.88279,12
-0.404728,2.11044,-1
2.02053,1.64814,3
2.98352,2.16204,-1
3.34458,2.17282,30
1.82039,1.85104,3
1.94934,2.02377,3
2.49645,2.64372,-1
1.66473,3.42186,26
0.997466,2.69705,-1
3.04812,1.38695,-1
2.07435,3.81393,-1
2.65961,1.81339,-1
3.12311,0.77507,-1
1.95582,2.74308,5
0.982403,1.89547,25
1.50851,3.30079,-1
1.31205,1.7385,-1
4.23409,1.77025,-1
2.45426,3.77054,-1
1.94908,0.998674,13
4.12168,2.61512,-1
0.597034,1.85873,-1
1.7874,1.92807,3
1.75089,1.36599,15
2.70954,1.06239,-1
0.805929,2.31041,18
1.13556,2.53099,16
1.47208,0.0533015,-1
2.661,2.57152,1
2.17987,1.7745,3
3.53707,-0.0836016,-1
2.48774,1.81017,-1
3.14683,3.7009,-1
1.5805,2.35773,9
1.68975,0.953276,8
0.706523,2.25022,27
4.44797,2.50978,-1
0.804619,2.0945,25
2.69354,1.30125,-1
2.5415,1.89424,-1
2.37473,0.868838,4
0.796835,2.41763,18
1.74013,2.91697,11
1.79877,1.82801,3
1.60592,1.5606,15
1.64449,1.58584,15
2.91271,1.23815,-1
1.4325,1.12873,14
2.75055,2.30481,2
3.39569,0.556667,-1
3.18524,2.52921,-1
1.24511,4.21883,-1
2.76786,1.79847,-1
1.91619,1.8189,3
0.26598,2.18027,-1
1.4859,3.35536,26
2.55382,2.21029,2
1.39326,-0.349614,-1
3.68757,2.79276,-1
0.40162,2.18947,-1
4.17807,0.681619,-1
2.15131,-0.356072,-1
2.52636,1.21078,-1
0.225871,1.47768,-1
1.31062,2.5738,-1
2.55573,2.73339,-1
3.04534,1.77064,-1
3.08941,3.63794,-1
2.364,1.01637,4
2.1992,2.90059,7
1.90908,3.29409,6
4.47601,0.0601857,-1
2.07673,1.19874,-1
0.472599,3.78152,-1
1.70985,-0.0198014,-1
4.06135,2.9513,-1
0.556496,2.20268,27
2.63364,0.251952,-1
1.56269,4.02264,-1
0.467227,1.34243,-1
0.943381,1.80146,-1
2.53372,0.836163,-1
3.88028,1.17871,-1
3.16768,1.26107,-1
3.52501,1.63243,-1
2.94256,0.77587,23
2.57907,2.52499,1
2.22938,2.70918,-1
3.38333,1.05267,-1
3.11425,2.60043,-1
2.15672,4.65037,-1
1.91981,3.2523,6
0.32848,0.449616,-1
1.13981,1.07987,14
3.14529,1.40511,-1
1.9549,1.25731,13
2.95501,1.75984,-1
3.75791,2.40044,-1
1.39797,0.714724,32
1.32298,1.22979,14
1.27213,1.41582,-1
2.47353,1.22839,-1
1.3562,0.0546988,-1
3.82552,2.18273,-1
2.61534,2.21319,2
0.885994,0.888386,-1
-0.0194422,1.05263,-1
1.48868,2.25072,9
2.27468,0.785699,4
1.04934,2.60098,16
2.30115,0.926514,4
1.36614,1.2542,14
1.55767,3.95984,-1
1.8864,2.91522,11
2.28433,2.32912,3
2.75709,0.703403,-1
0.938476,4.35689,-1
1.49035,2.77863,-1
3.82629,2.08051,-1
1.29838,1.05219,14
2.22168,2.49778,3
1.71298,2.75292,11
0.16955,3.39506,-1
1.56584,0.840742,-1
2.49033,1.36276,28
2.58904,1.02213,-1
1.08262,2.48466,-1
2.28196,-0.852119,-1
2.07705,3.71155,-1
2.77102,2.87976,29
1.36613,3.40786,-1
3.16046,3.18605,20
-0.503776,0.970156,-1
3.14007,0.892231,-1
1.78813,0.846878,8
0.801952,2.55359,18
3.76575,3.00724,-1
4.19198,2.3017,-1
1.72788,0.169512,-1
2.17934,1.57957,-1
1.9861,2.1455,3
0.797063,1.97822,-1
3.64054,1.3102,-1
3.26291,2.92777,22
2.62076,2.12936,2
0.966097,2.25896,18
0.767019,2.7202,-1
1.49539,2.76641,-1
2.13088,0.8774,4
1.99992,1.65883,3
1.38499,1.10733,14
0.242798,0.900072,-1
4.3911,0.932992,33
2.85805,1.92646,-1
2.15471,1.8519,3
1.8333,1.26124,-1
1.65725,1.08723,-1
2.93499,4.70268,-1
2.70001,2.2633,2
3.3782,0.554081,-1
2.0064,2.68863,5
2.95469,2.75954,12
1.56447,3.40744,26
1.45248,1.44165,-1
2.16121,2.35896,3
1.24672,1.16008,14
1.72775,1.25859,-1
3.86635,2.53298,-1
1.36651,1.92406,24
3.38979,2.23406,30
1.83967,1.28979,-1
2.20427,2.23073,3
2.43798,2.07182,2
2.88072,2.26146,-1
3.08024,2.77957,12
2.70208,3.12968,-1
1.56645,1.85968,10
2.03083,0.727414,-1
2.09552,1.31927,-1
1.99296,2.23745,3
0.79252,-0.0264124,-1
1.24786,3.112,-1
3.77926,1.36676,-1
1.69434,5.01725,-1
1.64374,2.4061,9
1.20081,2.40082,-1
3.3192,2.41069,-1
0.515404,3.02673,-1
0.824338,1.81756,-1
2.63744,2.56429,1
2.20907,0.0373984,-1
1.44488,2.94584,-1
2.51747,3.21212,-1
2.21386,2.28441,3
3.76303,0.487565,-1
1.97713,0.863898,13
0.4345,2.65586,-1
1.04471,2.09337,-1
1.03,4.08087,-1
2.24169,2.27605,3
2.07352,2.38939,3
2.15979,2.2098,3
2.23684,0.922747,4
1.10908,3.32655,-1
3.09993,2.83977,12
0.48482,4.22529,-1
1.71391,1.29225,-1
2.58873,2.57555,1
2.59554,1.36205,28
1.8172,2.86855,11
2.18776,2.43457,3
1.93092,1.81652,3
1.99353,1.02544,13
1.50113,3.01696,-1
3.63687,1.28058,-1
2.1329,1.53408,-1
2.27601,2.36689,3
0.146349,1.63982,-1
1.98592,1.53729,3
1.86763,1.59856,3
4.47218,2.56462,-1
2.97991,1.65513,-1
1.57706,2.33978,9
2.10755,4.09645,-1
1.00492,1.98242,25
0.728155,2.2378,27
3.8776,2.95072,-1
0.838425,2.25748,18
1.1958,1.30905,-1
0.411639,2.26472,-1
0.793377,3.43681,-1
1.72998,2.87145,11
2.83508,3.16383,-1
3.22387,2.54908,-1
0.659221,2.77157,-1
1.52436,1.13254,14
0.471233,1.0378,-1
1.56379,1.76455,10
2.77724,3.37788,-1
0.986341,4.28776,-1
1.28221,1.99005,24
2.90231,4.32319,-1
1.644,0.691552,8
1.60625,0.957437,8
2.95624,2.91365,19
0.937422,3.17543,-1
1.66273,0.693083,8
3.71112,2.03181,-1
3.00057,3.47594,-1
3.18729,1.7817,-1
1.73596,3.66063,-1
1.8086,1.61603,3
1.19329,1.20954,14
1.97178,1.07968,13
3.63377,3.17987,-1
3.91857,1.85375,-1
1.78068,1.65885,3
1.23048,1.10594,14
1.92229,1.94066,3
2.15076,1.91662,3
2.1563,0.482283,-1
2.96864,1.79255,-1
0.123167,0.46267,-1
2.75312,2.51851,1
2.62366,1.46336,-1
1.89455,1.58461,3
3.04521,2.61545,-1
2.23944,3.10243,7
2.36327,0.296858,-1
1.83291,1.33995,-1
1.74766,1.93205,3
3.28023,2.89005,22
2.30474,2.22752,3
3.24458,0.546421,31
0.901404,2.08136,25
2.22894,1.85426,2
2.39048,0.576634,-1
3.55715,2.62122,-1
2.3586,0.155559,-1
1.14016,2.52537,16
0.664908,-0.00146793,-1
2.38471,2.17613,3
1.86095,3.54382,-1
1.29468,1.20446,14
1.80294,2.04434,3
0.561412,3.25762,-1
2.68546,2.89139,29
1.31545,4.05746,-1
1.06084,3.19924,-1
0.847331,2.11929,25
0.548647,-0.767589,-1
2.18124,2.90617,7
0.886651,1.64638,-1
2.37424,2.99855,-1
2.02024,1.991,3
1.66385,2.53722,-1
1.55078,2.13251,9
1.43445,2.33826,9
4.20739,2.12085,-1
4.15712,2.97893,-1
1.33024,1.60109,-1
2.54092,2.93381,-1
2.78286,2.92472,29
0.462758,3.33131,-1
0.193146,1.24023,-1
1.52718,3.05487,-1
2.49073,2.74814,-1
3.33933,2.81854,22
2.93029,1.9073,-1
3.81846,3.51473,-1
2.91137,3.03206,-1
2.44243,1.39975,28
2.43535,1.90653,2
2.55104,0.33809,-1
0.695618,3.0108,-1
3.36839,1.18821,-1
3.49647,1.46154,-1
2.1576,2.1546,3
1.31471,1.16195,14
2.22519,2.87988,7
2.35432,1.45886,28
-1.47819,3.06886,-1
2.50834,1.62813,17
1.31799,2.86735,21
0.75607,1.85035,-1
0.780894,-0.196269,-1
2.70905,0.0427943,-1
1.38251,1.80226,-1
2.06873,1.359,-1
1.91499,0.643192,-1
2.80691,0.81947,-1
2.49402,2.08226,2
0.895376,2.07751,25
1.27913,3.19673,-1
0.246015,3.41326,-1
1.67488,2.81871,11
3.50186,3.52765,-1
1.83108,2.55843,5
1.70837,3.67816,-1
-0.113996,1.45557,-1
1.86167,1.70127,3
1.86795,2.42311,5
4.26157,1.14014,-1
0.964778,2.0113,25
1.3755,2.24769,9
4.23266,2.23555,-1
1.55616,1.58966,15
1.70752,3.50681,26
3.91634,3.35671,-1
-0.350668,0.215042,-1
1.52407,5.22778,-1
4.34216,2.99476,-1
-0.680711,2.78336,-1
3.57997,1.31464,-1
2.85044,3.15607,-1
2.03324,2.45478,3
2.32511,1.45726,28
2.68142,0.600001,-1
1.42285,-0.0901477,-1
1.44522,-0.184636,-1
2.96329,0.826962,23
2.57933,1.92656,-1
4.07628,3.56001,-1
1.08223,3.39457,-1
2.93733,2.30838,-1
0.942163,3.58486,-1
2.26663,2.2325,3
2.19112,1.0499,4
2.45798,0.867205,4
2.8409,1.77894,-1
1.35884,2.09453,-1
3.40297,1.80919,-1
3.06436,0.174082,-1
0.646295,2.668,-1
2.98879,2.26781,-1
2.21817,1.50306,-1
3.80335,2.33989,-1
2.85824,1.795,-1
2.1396,3.69153,-1
2.17033,0.760836,4
-0.697823,1.65031,-1
2.96298,0.7574,23
0.307034,1.07457,-1
2.2448,2.19928,3
2.68524,0.939585,-1
1.79852,3.16115,6
1.99191,4.54078,-1
0.289139,-0.187301,-1
2.67364,1.91648,-1
1.56796,0.940421,-1
1.60964,0.608157,8
1.18563,2.67832,-1
1.45039,2.43091,9
3.15323,3.32785,20
0.166511,1.95145,-1
2.85979,2.80587,19
5.19608,1.15684,-1
1.94051,1.70046,3
1.83124,3.28178,6
2.68391,3.57923,-1
1.55103,1.9762,-1
1.21528,2.0275,24
2.23934,2.54701,3
3.39399,2.22133,30
1.68673,2.30416,9
1.17961,1.68377,-1
1.38083,3.07244,-1
3.85426,1.49042,-1
4.27019,2.35062,-1
3.29535,0.629503,31
1.70066,2.33094,9
1.46734,2.56658,-1
1.25858,1.92821,24
3.6516,2.0688,-1
1.06338,1.9374,25
2.36748,1.5485,17
2.22869,2.05195,2
1.47793,4.04159,-1
1.33518,1.09101,14
2.4263,0.827838,4
2.16888,3.30448,-1
2.88547,1.40813,-1
2.85693,1.98776,-1
2.25743,2.34899,3
1.9713,-0.426496,-1
1.87417,1.88016,3
1.56535,2.91329,-1
0.851748,0.377446,-1
2.14203,2.17199,3
2.34557,1.92863,2
0.693409,2.33562,-1
2.68049,1.66724,-1
0.398994,3.23397,-1
3.17855,1.61199,-1
3.41885,3.66573,-1
3.09575,1.6178,-1
2.29709,1.01679,4
0.542649,1.441,-1
3.53685,1.06686,-1
2.10071,0.646228,-1
3.70343,1.8097,-1
1.94518,1.32432,13
2.15384,0.958477,4
3.37337,1.68284,-1
3.56863,3.40144,-1
3.5028,0.925169,-1
3.55191,1.59921,-1
1.51074,3.35182,26
2.83994,2.82044,29
0.216532,-0.202353,-1
1.47688,2.32688,9
0.977292,0.473526,-1
2.39237,1.41417,28
1.16411,3.1192,-1
2.44678,1.34582,28
1.57592,3.42915,26
2.47619,2.82319,-1
2.93328,2.57652,-1
1.13831,3.60846,-1
2.08473,2.88857,7
0.802989,3.2597,-1
1.80748,1.8947,3
0.562974,-0.133034,-1
1.86498,3.63075,-1
2.94636,4.56679,-1
0.361925,1.13404,-1
1.98481,2.59339,5
2.55683,2.09244,2
0.497641,2.06859,-1
1.83275,2.38711,5
2.6456,1.73077,-1
1.25545,2.38002,-1
2.35098,0.890982,4
0.485709,1.89781,-1
3.54623,1.76325,-1
1.90028,1.61609,3
1.69742,2.02994,3
3.60615,1.73787,-1
4.09666,1.2659,-1
4.48913,2.66924,-1
2.91153,2.05764,-1
1.81777,1.12621,-1
2.94567,3.12975,-1
2.92903,2.61937,-1
3.08033,2.35887,-1
1.95858,2.56653,5
3.12019,0.939527,-1
2.24577,3.04378,7
2.42324,3.7428,-1
2.31448,3.45468,-1
2.96922,4.07297,-1
3.47689,2.58287,-1
0.211068,1.45741,-1
2.32686,0.976469,4
0.949195,2.11912,25
3.80476,2.6995,-1
2.08564,1.97585,3
-0.16551,3.38473,-1
2.66912,1.4305,-1
1.32444,2.66699,-1
1.07217,0.722845,-1
1.43505,1.25825,14
2.35224,-0.404243,-1
1.54218,2.14564,9
1.92194,0.190364,-1
2.98526,3.19492,-1
0.897735,3.01537,-1
2.48826,1.61582,17
3.32919,0.123638,-1
2.51907,1.4014,28
3.25622,2.42825,-1
2.91815,1.68893,-1
2.10012,2.30397,3
4.03166,1.49107,-1
1.75687,1.0057,8
1.58134,3.4703,26
1.67698,4.1666,-1
0.847126,2.49886,18
2.0806,3.03008,7
2.28429,3.23017,-1
1.89157,3.09249,-1
0.638925,1.51202,-1
1.02589,1.80319,-1
2.66527,2.64472,1
2.4223,0.656127,-1
0.72276,2.58329,18
3.29415,1.61253,-1
-0.437773,0.752572,-1
3.44082,1.22764,-1
3.8362,2.27735,-1
1.50343,0.643209,32
1.92818,1.53524,3
3.84307,1.97701,-1
2.54727,1.14795,-1
1.53127,3.07039,-1
4.87385,2.36635,-1
2.96245,0.783742,23
2.63683,1.85666,-1
1.32857,1.36855,-1
2.06797,2.53417,-1
2.01027,1.97405,3
0.991015,3.18306,-1
0.77847,2.39403,18
0.888913,1.26863,-1
1.43224,0.67438,32
1.91078,1.85856,3
1.2741,0.770735,-1
1.19372,1.70805,-1
0.814225,2.35922,18
2.36978,3.98179,-1
2.45016,1.39046,28
3.08503,3.2487,20
3.07944,0.69575,-1
1.64732,0.645037,8
2.14935,3.09587,7
1.86872,2.46368,5
3.52926,2.40218,-1
1.60786,4.05262,-1
0.795632,3.97368,-1
2.18095,1.00399,4
1.14577,0.975197,-1
2.49935,3.38006,-1
1.94623,2.4051,3
0.857461,2.36951,18
2.08247,1.90535,3
2.49782,2.60505,1
2.34901,1.11599,4
2.28587,1.73594,34
1.07548,1.16356,-1
0.31143,1.68297,-1
0.0367239,4.31816,-1
2.2014,1.20607,-1
3.64712,4.03962,-1
1.32323,1.9419,24
1.78914,2.56549,5
0.838099,2.95145,-1
0.773346,3.21059,-1
3.07938,2.55767,-1
3.45871,1.46872,-1
1.97611,1.1382,13
3.01314,3.30559,20
2.84659,1.92615,-1
1.71568,2.42865,9
1.68182,1.41037,15
1.84138,2.18035,-1
4.01905,3.31232,-1
1.19325,3.52037,-1
4.84517,2.69635,-1
1.90829,1.75626,3
1.8971,2.59665,5
2.32496,1.5666,17
2.49761,0.378899,-1
1.83781,2.18829,-1
1.41928,2.32068,9
2.07841,0.852896,-1
4.30563,0.976848,33
1.48069,0.743931,32
0.987539,-0.905114,-1
1.27007,2.50342,-1
0.702742,0.953712,-1
1.05989,2.19113,-1
2.2178,0.882967,4
2.59401,0.812074,-1
3.42733,2.66208,-1
3.39275,2.86326,22
2.36963,4.339,-1
0.963255,1.10061,-1
2.50024,2.43738,1
1.15302,2.34493,-1
0.222501,3.01014,-1
3.61983,2.7193,-1
0.945981,1.10688,-1
2.03772,1.01081,13
0.883482,2.45536,18
3.44154,2.69637,-1
0.29813,2.85674,-1
0.728478,2.48979,18
0.214161,4.03395,-1
1.84352,1.45324,-1
1.76577,0.37661,-1
1.89278,0.442185,-1
1.44173,1.82893,-1
2.11923,2.52961,-1
2.80502,3.27778,-1
3.63024,0.672618,-1
0.63597,2.24197,27
1.76056,2.85402,11
-1.82484,0.738987,-1
1.68305,1.25397,-1
2.35155,2.81494,-1
3.69926,4.03619,-1
1.96077,2.27475,3
1.38762,2.37028,9
2.22632,2.5162,3
1.31946,0.794166,-1
1.49114,2.58527,-1
4.10595,1.60364,-1
-0.745789,1.91954,-1
2.58551,2.45057,1
2.22548,1.74557,34
2.75578,2.74811,-1
1.86694,1.18598,13
1.02014,1.46809,-1
2.67392,0.917079,-1
2.8145,3.01685,-1
3.8315,1.77143,-1
0.184358,1.87887,-1
3.37717,1.95607,-1
2.13595,3.07464,7
1.24238,1.1138,14
1.79362,2.31462,5
1.74944,0.900985,8
5.53834,1.43529,-1
3.63599,2.24249,-1
5.76688,1.94565,-1
4.45755,1.26987,-1
5.71155,-1.38996,-1
6.09501,0.94878,-1
6.29104,0.0890738,35
6.06043,1.60899,-1
5.65817,-0.624031,35
6.47534,0.637458,35
5.54029,0.740305,36
5.51052,-0.234201,37
7.53321,-1.36912,-1
5.42529,0.388957,38
5.99462,-0.461872,39
5.2536,-0.524415,46
4.21502,1.27302,-1
6.84243,-0.110103,35
7.14294,-0.197291,-1
4.79131,0.468586,55
5.97012,-0.0815331,35
4.35811,-0.894829,-1
6.41408,-0.413774,35
6.75816,0.04928,35
6.49178,-0.049746,35
5.9031,0.729756,35
6.81274,1.94974,-1
4.51391,0.492821,70
6.20791,-0.513909,35
5.43498,-0.631313,40
5.24256,0.605145,41
4.5652,0.343414,70
7.4932,0.551871,68
4.61861,0.601957,-1
5.76338,-0.566312,35
6.24271,-1.16066,-1
5.44882,0.460957,38
5.8561,-1.31842,-1
5.37845,0.802025,36
5.12526,0.890133,-1
6.43636,-0.370308,35
6.05681,0.487191,35
5.3654,-0.408614,37
6.52517,-2.63067,-1
6.38816,0.524907,35
8.21322,-0.310124,-1
5.64187,-0.10511,42
7.01786,-1.1492,-1
4.36706,0.96029,33
6.78592,1.6041,-1
5.89355,1.44402,62
5.13963,-0.864816,61
6.2761,-0.0992616,35
6.71303,0.299805,-1
5.39738,-1.54317,-1
6.05002,-1.69137,-1
6.1314,0.579231,35
6.72535,-0.65845,43
7.37917,0.532236,-1
5.68879,0.149907,38
7.27289,0.339721,44
8.53422,-0.25479,-1
6.90424,-0.568102,63
6.49469,0.835772,35
5.43654,-0.84905,-1
3.55642,-1.0815,-1
8.00974,-0.792869,-1
5.58061,-0.986165,-1
5.14487,1.38402,-1
6.3132,0.558534,35
5.70143,-0.186248,35
5.64346,0.716619,36
6.43804,-0.666188,45
4.89581,-0.0186754,47
6.48614,0.257739,35
6.58947,0.323115,35
5.56981,-0.188628,37
6.50192,0.203706,35
5.57189,0.403461,38
4.80279,0.451343,55
6.81937,-0.0351644,35
7.62709,0.569231,68
5.20287,1.33883,-1
6.51363,0.17462,35
5.22297,-0.529952,46
5.02085,-0.0518425,47
5.18251,0.736371,41
6.18598,2.29934,-1
7.48323,0.49673,-1
5.10669,-0.000266486,47
6.87394,-0.989127,-1
5.45413,0.158213,38
5.92252,-0.655983,-1
7.05625,1.22608,-1
6.0594,-1.56732,-1
6.49325,2.07784,-1
6.42583,-1.29719,-1
4.20242,0.417954,-1
4.87685,0.864322,-1
5.52235,0.0467623,38
5.53683,-0.0250865,38
6.08033,-0.22852,35
6.58463,1.18981,-1
6.09219,0.703252,35
6.9255,0.0104718,-1
6.22131,0.580957,35
6.49658,-0.627003,45
5.80784,-0.286164,35
6.08608,-0.227975,35
4.63103,0.0266387,-1
6.09828,0.0400467,48
5.49449,2.60615,-1
5.73687,-0.347708,35
6.22321,-0.223206,35
5.4189,1.52105,-1
4.8247,-1.51651,-1
5.95985,1.87137,-1
5.08538,0.0503398,47
4.45676,-1.25205,-1
5.9024,-0.159438,35
6.56683,-0.811466,49
4.80099,0.367095,55
5.74689,-0.511961,35
7.14159,0.433551,44
6.34252,-0.343889,35
5.32757,-0.166838,-1
4.96039,-1.04989,-1
4.75668,1.25098,-1
6.99169,0.853736,50
6.02019,-1.19117,60
6.20244,1.26848,53
5.72576,-0.353297,35
5.02448,-0.931398,51
5.67481,-0.0336697,42
4.41468,0.315063,-1
6.12112,0.0897485,48
7.71552,-1.19377,-1
5.95198,-0.159192,35
4.11189,-0.499872,-1
6.19306,-2.43315,-1
6.78526,-0.274166,-1
6.17602,-1.4915,-1
6.55637,-0.0199099,35
6.23194,1.60647,-1
4.68704,1.53939,-1
6.10589,-0.565153,-1
5.12533,1.42468,-1
6.08497,-0.899804,52
7.26291,0.778619,-1
5.79176,-0.415623,35
6.27605,0.577145,35
5.3926,2.78518,-1
7.47971,-0.698255,-1
5.89381,-0.19992,35
5.30889,-1.83248,-1
7.64487,-0.737119,-1
5.89885,0.0300367,48
4.92515,1.00114,-1
6.19773,1.15898,53
6.03254,0.57132,35
6.63912,1.337,-1
5.1293,-0.857877,61
5.92564,1.4484,62
7.45531,-1.59773,-1
5.42956,-0.588089,40
4.87604,-0.453255,54
5.10441,0.154241,-1
4.67433,-0.397305,-1
6.26085,-0.349357,35
4.97155,-0.331009,-1
4.55291,-0.856075,-1
5.85267,1.92597,-1
5.05161,0.0274754,47
4.85109,0.740365,-1
5.18733,-1.14193,66
3.84224,-0.380421,-1
5.70862,0.560668,36
5.62404,-1.19159,56
5.15026,-0.00395267,47
5.4238,-0.322499,37
7.43823,-1.0571,-1
5.60362,0.202745,38
3.39891,0.891044,-1
6.41916,-2.24134,-1
5.7473,-0.127339,35
5.48698,0.729598,36
6.21011,-0.801038,52
5.58448,0.288776,38
6.24342,-1.35033,-1
6.56769,-0.810929,49
6.0942,-0.835406,52
6.71421,1.16946,-1
6.10027,1.16672,53
4.78359,-1.81287,-1
6.0961,0.131058,48
5.55019,0.740068,36
6.44376,0.278016,35
5.19673,0.707006,41
5.00379,0.435275,55
7.24168,-0.465157,-1
6.19407,-0.389594,35
6.04869,-1.01054,-1
4.1981,-1.2594,-1
6.34282,-0.314093,35
6.66903,0.0577473,35
7.95617,0.449064,-1
4.57018,-0.291962,-1
6.16687,-0.863944,52
5.04086,-0.0669707,47
6.64678,-0.301536,-1
6.05224,-0.639554,-1
7.13156,0.142296,64
5.83778,-1.42811,-1
4.76255,0.747472,58
6.64418,0.785575,35
4.64455,-1.56157,-1
7.3618,-0.524909,-1
7.9049,0.682804,-1
6.23213,0.301691,35
5.54635,1.43551,-1
5.0684,-0.96853,51
6.47719,1.13459,-1
5.48867,-2.77724,-1
6.18439,-0.936018,52
5.69736,1.71151,-1
4.86865,0.209762,-1
5.10091,-0.59757,-1
5.78232,2.3059,-1
6.33211,-0.279242,35
6.28063,1.44204,-1
5.41963,-0.515459,40
6.29793,0.550179,35
5.67552,1.46734,-1
5.61251,-0.351899,37
4.38509,-0.876113,-1
7.47934,0.55378,68
5.72625,-1.13115,56
5.855,0.478826,35
6.13356,-0.555241,35
5.81354,0.0854788,48
4.91532,-2.52588,-1
4.70111,0.549963,-1
5.69241,-1.15665,56
4.82152,1.28578,-1
6.99086,0.943906,50
6.28146,-0.161408,35
6.25214,-0.239289,35
7.18727,0.912921,57
6.39819,0.14597,35
6.94813,0.234778,64
6.49067,-0.619612,45
5.64967,-0.0904304,42
6.66565,1.8366,-1
6.83742,-0.413833,63
7.25167,-2.12008,-1
7.538,-1.3847,-1
4.75548,0.782878,58
6.3771,0.410493,35
5.2977,0.0926679,-1
6.69216,-1.04081,59
4.99051,0.872754,-1
7.18133,0.842856,57
6.4838,-0.155164,35
7.38309,-0.769881,-1
5.15473,1.05838,-1
4.79445,-0.868363,-1
6.67079,1.2123,-1
5.99437,-0.612224,-1
4.96977,-0.472741,54
5.06614,0.360244,55
6.04457,-1.485,-1
4.82552,-0.522195,54
6.52299,-1.81558,-1
5.60087,0.188155,38
5.43538,-0.0745179,-1
4.93487,-2.17031,-1
6.04322,-1.27845,60
6.74788,1.35049,-1
5.50866,-0.415522,37
6.87048,1.8868,-1
4.2076,-0.113426,-1
5.05384,-1.14388,-1
4.67307,0.104053,-1
6.00784,-0.780316,52
5.23711,-0.600728,46
6.14016,1.22984,53
6.05602,1.12269,53
5.30691,-1.92702,-1
7.19115,0.907107,57
5.20646,0.964596,-1
6.49002,-0.0869079,35
6.99111,0.626011,-1
6.7919,0.575707,-1
4.4459,0.157303,-1
7.40466,-0.174903,-1
5.35549,-0.363494,37
4.31951,-2.19984,-1
6.20732,-0.256173,35
6.73808,1.0848,-1
5.83754,-0.211568,35
4.89042,-1.1315,-1
7.85732,0.30676,-1
5.75333,0.194913,38
6.59604,-1.62556,-1
4.3817,-0.312967,-1
4.54751,-0.58786,-1
4.77972,-1.59591,-1
5.47022,-1.5776,-1
5.80771,-0.501616,35
5.00774,-0.90898,51
5.81132,0.291609,69
5.88046,0.60754,35
7.75246,0.652985,-1
6.57708,0.170171,35
5.96966,0.443394,35
7.27673,-1.46194,-1
4.87034,2.18988,-1
4.47192,-0.693071,-1
4.35105,0.292191,-1
6.30161,-0.0137145,35
5.37762,-0.924353,-1
7.00599,-1.48086,-1
5.77364,-0.753138,52
5.83977,-1.27084,-1
6.00072,-0.475861,39
7.40036,0.939947,-1
7.1124,0.878374,57
6.36696,0.582827,35
7.36577,1.35793,-1
6.56245,-0.869541,49
6.37555,-0.807793,-1
5.04342,-1.46568,-1
5.00658,-0.958142,51
6.07696,-1.33494,60
8.36504,-2.05099,-1
8.14928,-1.80413,-1
6.50766,-0.399294,35
4.87105,-0.702917,-1
5.62813,-0.560382,35
7.07604,0.908136,50
6.24773,1.49829,-1
5.63664,-0.0799417,42
7.16689,-2.7954,-1
6.76931,-1.35078,-1
5.93814,1.00293,-1
5.59487,0.750033,36
6.05226,0.355068,-1
6.5967,-1.64257,-1
7.09123,1.75538,-1
5.97903,-1.33532,60
5.30569,-1.4302,-1
6.57901,0.0236391,35
6.64025,0.0453208,35
5.00491,0.808224,-1
4.88663,-0.596549,54
6.4949,0.381242,35
4.65904,0.767731,58
5.30219,1.44356,-1
6.3318,0.2573,35
6.86909,-1.802,-1
7.14397,-0.896404,-1
6.38251,1.57515,-1
5.41129,-1.20303,-1
6.95478,-0.860077,-1
4.12298,1.39572,-1
5.59589,1.75503,-1
4.50694,-0.589721,-1
4.723,1.34814,-1
5.91758,0.530612,35
5.25685,0.672383,41
4.54236,0.746784,-1
6.34235,0.440117,35
4.63804,-0.587682,-1
5.89348,-0.494741,35
5.96399,1.16426,-1
6.99094,1.0354,50
6.37253,1.13219,-1
6.74437,-1.01571,59
5.54491,0.345828,38
6.88547,0.837275,50
4.53884,-1.65815,-1
6.15291,-0.142534,35
5.66061,0.881402,-1
6.6675,0.738397,-1
5.20158,-0.817236,61
6.38369,1.02254,-1
6.66226,0.429448,-1
5.42868,0.750851,36
7.44296,0.0960927,67
5.57705,-1.08945,-1
7.39321,-0.421946,-1
6.93396,0.85117,50
5.94493,-0.242061,35
6.94372,1.84639,-1
5.40099,1.68425,-1
5.14272,-0.750165,61
5.6576,1.59934,-1
6.37365,-0.144008,35
4.61778,-1.05985,-1
6.175,0.559728,35
7.86859,0.561527,-1
6.53289,0.748925,35
5.86281,-1.41545,-1
4.0299,2.00673,-1
7.03425,0.349367,-1
6.34044,-1.83633,-1
4.92487,0.383961,55
6.76788,-0.844949,43
6.74324,-0.0542378,35
5.50609,-0.248259,37
5.40251,0.271014,38
6.17646,-0.213679,35
6.14498,-0.681235,-1
7.18562,-0.454713,-1
3.94002,1.71778,-1
6.01496,0.88096,-1
6.83368,-2.41744,-1
6.35874,0.367232,35
7.22874,0.265975,44
6.40435,-1.46966,-1
7.60871,0.400658,-1
6.20685,0.151276,48
6.82276,0.811707,50
6.5006,0.88374,35
7.20615,0.927701,57
7.05923,-0.69817,-1
4.9715,0.827194,-1
6.86617,0.473273,-1
7.18311,0.353634,44
4.63979,-1.16547,-1
7.01744,-1.97461,-1
6.70283,-0.284238,-1
6.02937,0.546726,35
6.77119,-0.754106,43
6.29833,-0.437652,35
5.91237,1.52187,62
7.53371,1.1026,-1
4.01346,-0.028274,-1
6.09854,0.642121,35
7.26866,0.794495,57
7.10755,0.921195,57
7.75219,-0.383742,-1
6.69897,-1.1392,59
5.00038,-1.28521,-1
6.30116,1.79109,-1
5.93946,0.478916,35
7.06217,-1.04177,-1
6.27187,-0.941853,-1
6.1088,0.503979,35
5.42681,-1.6836,-1
5.48964,0.672541,36
7.28237,0.458533,44
7.28427,0.17397,-1
6.48112,0.61158,35
7.97427,1.45421,-1
8.63827,0.0579583,-1
7.28325,-0.451902,-1
5.34399,0.183179,-1
6.16901,1.54212,-1
3.63759,-0.448101,-1
8.22235,0.0529924,-1
6.58815,-0.50776,45
5.54426,-1.02016,-1
7.91024,1.33042,-1
7.81029,-0.8264,-1
5.98881,-0.429736,39
6.72271,0.273575,-1
6.18551,-0.149347,35
6.3105,-0.381108,35
5.8223,-0.357405,35
6.38655,-0.316683,35
5.86282,-0.786077,52
6.55882,-1.96375,-1
6.60679,0.318448,35
6.03588,-0.866248,52
4.33508,0.193942,-1
5.63338,-1.29448,56
3.77884,-0.833177,-1
5.11809,0.40469,55
3.92762,-1.23024,-1
5.15497,2.15247,-1
5.09253,-0.152409,47
7.5475,1.84632,-1
5.50155,-0.279211,37
8.21567,-1.02529,-1
5.64455,0.305448,38
4.71983,-0.377102,-1
5.77642,-0.536295,35
6.02502,-0.370973,39
6.51665,0.0654138,35
6.24187,-0.135435,35
4.47748,0.499359,70
3.84537,0.910788,-1
7.62385,-0.622496,-1
5.83475,0.258576,69
5.8298,1.59052,-1
4.24117,1.54116,-1
4.78411,0.914452,-1
6.63372,-1.50435,-1
3.98239,-0.0787386,-1
6.59078,-0.995803,-1
5.27024,0.477256,-1
5.24366,0.623463,41
5.96546,-0.40566,39
5.26645,1.93598,-1
5.63537,0.0849773,38
5.46837,-0.0821124,-1
5.69119,0.728296,36
6.06792,1.12325,53
6.83434,-0.728763,43
4.79421,-0.495733,54
5.09557,-0.0692618,47
5.53339,1.00379,-1
3.9043,0.528415,-1
5.5467,0.202203,38
8.13835,0.310642,-1
5.4135,1.8879,-1
6.07337,0.669187,35
5.82792,1.07734,-1
7.54084,-0.902165,-1
4.99589,1.01377,-1
6.15935,-0.162336,35
5.51434,0.785723,36
3.3155,0.270136,-1
8.20604,-0.87262,-1
6.87289,-0.560786,63
5.91397,0.159194,48
5.55305,-0.226206,37
5.22033,1.0911,-1
6.71722,-0.716454,43
5.49685,-0.363902,37
6.42423,0.77388,35
6.4033,1.48469,-1
4.96657,0.442545,55
3.88491,0.279571,-1
5.79106,-1.17369,-1
5.27026,1.55788,-1
4.69308,-1.38447,-1
5.5346,0.376085,38
6.24046,0.257153,35
6.86988,0.447938,-1
8.49013,-1.33693,-1
6.23807,-0.551611,35
5.79461,-0.318132,35
6.53913,1.91069,-1
5.4581,0.165867,38
7.15633,-0.839722,-1
6.54041,0.300714,35
6.73753,1.77009,-1
6.54349,0.246191,35
5.5018,-2.04931,-1
7.92494,-0.216572,-1
6.01332,-0.111831,35
6.33593,1.30539,-1
5.34383,2.03132,-1
8.71867,-1.81471,-1
6.86526,-0.476792,63
6.69811,-0.0792556,35
5.71466,-0.348899,35
5.04294,-0.201609,47
5.69191,2.35402,-1
6.51491,-0.504103,45
6.54611,-1.02762,-1
6.71533,-1.02111,59
5.4771,0.231541,38
7.50965,-0.782392,-1
6.01395,-1.14522,-1
5.0801,0.344498,55
4.57824,0.648979,-1
4.9869,1.67777,-1
4.56309,-0.687729,-1
3.9455,0.623313,-1
6.55139,-0.717297,45
6.44319,-0.00875497,35
5.70445,-0.501265,35
6.56984,0.933176,-1
6.38972,-0.27635,35
4.40929,-0.537797,-1
7.00526,1.70285,-1
4.35251,0.986534,33
7.14456,-2.4261,-1
6.86306,1.15528,-1
6.55331,0.806543,35
4.50945,0.103881,-1
5.35912,-2.04011,-1
6.13421,0.160372,48
6.88171,0.914795,50
6.38199,0.145085,35
5.7607,0.686418,36
7.72402,-0.795341,-1
4.96095,-0.808205,51
5.4994,0.174454,38
6.23907,-0.628359,-1
5.36297,0.40969,38
4.33928,-0.767285,-1
7.04012,0.109099,64
5.83272,-0.180819,35
6.43938,0.483421,35
6.60967,-0.0380025,35
5.97074,-0.886696,52
6.2991,0.354258,35
5.34,0.885572,-1
3.0648,0.936875,-1
7.23025,-0.593543,-1
5.07069,-0.170711,47
6.01108,0.338058,-1
6.08929,0.266519,-1
6.17859,-1.73971,-1
6.7083,-0.837138,-1
6.23386,-0.137348,35
5.61626,-0.49748,35
8.03712,0.758496,-1
7.19985,-0.839647,-1
6.35934,-1.00737,-1
5.90026,-0.838729,52
4.85164,-0.309408,-1
6.99351,0.776943,50
6.00275,0.149022,48
6.54275,-0.603498,45
5.44956,-2.05359,-1
8.19423,-0.503321,-1
3.91504,1.91493,-1
6.89529,0.231733,65
7.13488,0.418061,44
6.66253,0.152304,35
5.92555,-0.629112,-1
5.20962,-0.292817,-1
4.23714,0.662902,-1
4.4109,-1.25123,-1
5.44171,1.14803,-1
3.95072,0.881357,-1
5.44678,-0.719428,40
6.66583,1.00351,-1
6.35584,-0.956696,-1
6.68256,1.21247,-1
6.19335,-1.38154,-1
4.78551,-0.954263,-1
5.62102,1.39116,-1
5.14334,-1.19508,66
4.76912,0.869975,58
5.77751,0.747429,36
4.73281,-0.319808,-1
6.68978,-0.69882,43
7.12461,0.327329,44
5.89117,-0.829105,52
6.21581,0.140628,48
7.47135,-0.673826,-1
6.1191,0.868853,-1
4.49177,-0.3375,-1
6.55436,-0.634572,45
7.43418,2.15173,-1
7.08314,-0.260264,-1
7.32473,1.48689,-1
5.10307,1.11006,-1
7.70248,0.457302,-1
6.77413,-1.18389,59
5.66278,-1.20157,56
6.99642,1.44495,-1
7.42547,0.0660445,67
6.25953,-0.432239,35
6.75433,1.42297,-1
5.55918,0.678505,36
5.45188,-1.39734,-1
7.28703,0.719618,-1
6.54311,0.101009,35
5.80013,-0.420669,35
5.84037,0.394861,35
7.43395,-0.0244494,67
6.99273,0.418821,-1
5.51112,-2.16016,-1
6.01743,0.0869587,48
6.07532,0.514679,35
6.52438,-0.547282,45
6.0372,-0.212267,35
6.53182,1.65085,-1
6.12272,0.16156,48
6.77761,-0.673457,43
7.42419,-1.67284,-1
6.07972,-0.690128,-1
6.17559,1.65902,-1
5.81888,-0.381813,35
6.84524,0.608915,-1
6.95826,0.897041,50
5.36288,0.916598,-1
4.82682,-0.38929,54
5.22424,0.386642,-1
7.23198,1.21431,-1
5.19758,0.593968,41
5.44749,0.922352,-1
6.11497,1.72775,-1
6.57902,-2.07217,-1
6.76887,0.355614,-1
5.26778,-1.31432,-1
6.1842,-0.711182,-1
5.85151,1.26505,-1
4.65577,1.15771,-1
5.38315,-1.48369,-1
6.54917,0.263087,35
6.40355,-0.12814,35
4.79516,-0.579861,54
4.99977,-0.525133,-1
4.386,2.11658,-1
5.35949,-0.166958,-1
4.13294,0.909876,-1
6.93332,-0.9974,-1
5.07603,-1.21429,66
5.53367,0.0420437,38
5.36149,-0.576695,40
6.98432,0.356696,-1
5.55522,-0.681589,-1
4.95723,0.696541,-1
6.52542,1.04895,-1
6.9039,1.30261,-1
7.65719,1.19707,-1
5.94869,0.623911,35
6.22618,0.639091,35
7.05048,2.23689,-1
7.73173,-1.62291,-1
7.2975,0.32896,44
6.0863,-0.119256,35
7.36366,0.0349455,67
5.55242,0.0879496,38
6.57302,-0.07207,35
7.63922,0.577866,68
6.08182,-0.962344,52
5.59712,0.258028,38
6.78561,-0.517627,63
5.29401,-2.53314,-1
5.14291,-0.266527,47
5.24715,0.616089,41
5.16798,-1.28629,66
4.71276,2.32027,-1
4.53609,0.502425,70
4.68474,0.759537,58
6.56765,-0.514875,45
6.25696,1.20561,53
7.5769,0.533851,68
6.32941,-0.866209,-1
7.63088,-1.82243,-1
5.5468,0.231432,38
6.43764,-0.712222,45
5.83886,1.44702,-1
3.52037,0.436218,-1
4.5463,-0.512248,-1
6.97875,0.106799,64
4.80897,-0.96078,-1
7.41959,1.23127,-1
6.74892,-0.0852682,35
5.53377,1.04342,-1
5.59665,-0.859101,-1
5.17576,-0.960289,-1
7.28803,-0.893167,-1
7.79274,-0.189698,-1
7.4692,1.65257,-1
4.82192,0.0749584,-1
7.00224,0.20132,64
6.29967,0.364166,35
6.78683,-0.432108,63
7.15012,-0.604862,-1
5.53107,1.31713,-1
5.62572,0.370785,38
5.9551,1.59147,62
6.34677,1.0956,-1
6.51315,-1.95941,-1
5.46865,0.417564,38
7.65279,2.14619,-1
6.40764,1.97356,-1
5.68571,-0.503263,35
6.79832,1.63071,-1
4.8946,0.382927,55
6.15771,1.3057,53
6.02587,-1.55214,-1
7.24353,0.322397,44
6.98407,-1.85156,-1
4.66539,-0.391808,-1
5.92093,-0.758071,52
6.48856,-0.954643,-1
4.48796,0.353625,-1
5.6558,-0.0747733,42
6.26294,-0.211872,35
5.46929,-1.03776,-1
7.13317,-1.46288,-1
5.85403,-0.501694,35
5.33054,0.625356,41
5.89977,0.0961435,48
6.86232,0.146328,65
6.78399,0.754427,-1
5.41929,0.89887,-1
6.27698,-0.282754,35
6.81191,-0.0577925,35
7.3141,0.377132,44
5.81141,0.261233,69
6.4125,0.761754,35
5.92165,0.0365438,48
5.78191,-0.832001,52
4.58059,1.01914,-1
5.92743,0.674619,35
4.23126,-1.82992,-1
6.55907,-1.68516,-1
6.01088,-0.830849,52
7.00087,0.121279,64
3.65604,0.17339,-1
5.46082,-0.601617,40
5.55436,1.84791,-1
6.22898,-2.61233,-1
5.52925,-0.350136,37
6.75202,0.11611,-1
5.11732,-0.0641888,47
4.74658,-0.908009,-1
7.42872,0.100587,67
5.17444,1.76868,-1
3.61976,-1.26025,-1
5.83424,-1.2882,-1
5.61426,0.0896144,38
4.81576,0.386882,55
6.12532,0.32641,35
6.15945,0.788308,-1
6.45798,0.599482,35
4.98238,-0.12913,47
7.14898,-0.090555,-1
6.73536,0.554806,-1
5.6444,-0.216621,37
5.8998,1.92651,-1
4.58181,-1.12338,-1
4.98299,0.645153,-1
6.4715,0.685296,35
6.46467,0.635519,35
5.03362,-1.25713,-1
5.64242,1.08762,-1
5.25808,-1.7236,-1
5.59189,0.237183,38
4.98578,-0.865108,51
6.22398,0.332291,35
6.98155,0.975699,50
5.61764,-1.80005,-1
4.73622,-1.44454,-1
5.75597,0.72027,36
4.4479,0.801116,-1
6.99604,-1.008,-1
7.65752,-1.92214,-1
5.98403,-1.35488,60
7.81807,1.98545,-1
5.67073,0.72599,36
6.75316,-0.685357,43
5.6697,-1.2139,56
5.45317,0.188552,38
5.68475,0.621439,36
7.27236,-0.682597,-1
6.25672,0.56408,35
5.15741,-1.10963,66
6.66747,0.948685,-1
7.26917,1.08884,-1
7.41621,0.801464,-1
6.41669,0.297572,35
5.03245,2.2931,-1
6.16967,2.67879,-1
6.51957,1.51602,-1
7.75991,-1.09795,-1
6.4091,-2.40842,-1
7.38951,1.16727,-1
4.98911,-0.57938,-1
6.01655,-0.0953491,35
5.75107,-0.0283375,35
6.73748,0.486143,-1
7.65114,1.79091,-1
4.84393,1.30412,-1
5.04435,-0.262374,47
4.93305,0.539178,-1
7.1198,-0.559143,-1
4.24396,0.903676,33
4.18706,1.00167,-1
6.94298,1.58608,-1
4.56943,1.1494,-1
7.98018,-0.202338,-1
7.01947,-0.284475,-1
6.19415,-0.857797,52
6.33688,0.107891,35
6.36048,-0.618311,45
5.16433,-0.740484,61
4.78292,-1.66119,-1
6.50314,0.729051,35
5.33962,0.0400822,-1
5.01777,-0.063026,47
5.86795,1.27494,-1
6.89446,0.333056,-1
6.01805,0.539335,35
5.67847,0.222705,38
5.83832,1.2681,-1
5.65481,1.15577,-1
4.54551,0.437622,70
6.16387,1.1271,53
6.69427,1.79588,-1
5.03136,-0.762757,-1
5.82508,-1.62469,-1
5.15147,-0.474158,46
6.58018,-0.517414,45
6.00102,0.166159,48
5.86122,1.57819,62
5.10003,-0.449579,-1
6.52648,-0.138874,35
4.53207,1.75554,-1
7.7179,-0.507805,-1
5.81519,0.516152,35
6.76606,-1.10169,59
3.56231,0.910142,-1
5.88877,0.214967,48
6.88927,0.212456,65
6.3646,0.0784518,35
6.09137,0.000547102,48
4.97248,-0.0258008,47
7.24454,-1.07263,-1
4.9124,-1.43738,-1
5.3615,-0.372436,37
5.8989,-2.12672,-1
5.89396,-2.24936,-1
8.52777,-0.214037,-1
6.9583,-0.613031,-1
6.25404,-0.371557,35
5.42522,0.403811,38
5.98377,-1.61436,-1
3.97109,0.263534,-1
7.72584,0.467797,-1
6.11392,-1.19116,-1
4.07196,-0.124412,-1
6.23941,0.869898,-1
6.52838,-2.19556,-1
4.80026,0.0666878,-1
6.78501,0.577151,-1
6.56045,-2.87194,-1
7.67959,-0.114463,-1
5.21124,-0.613711,46
6.61628,2.82762,-1
5.53431,-0.863385,-1
6.02089,0.915172,-1
6.77666,-0.0802058,35
5.72803,0.644512,36
5.20541,0.620554,41
4.73147,1.46751,-1
6.89497,-1.14085,-1
7.441,1.34686,-1
5.04179,0.453589,55
6.51961,-0.818135,49
7.25582,-0.948496,-1
5.82893,0.45457,35
7.05077,0.247462,64
8.89734,-0.205647,-1
5.34319,-0.272982,37
6.34081,1.56614,-1
5.3127,-1.43686,-1
7.92538,-2.07568,-1
7.50572,-0.196634,-1
5.25406,0.0364934,-1
6.40932,0.728705,35
8.16401,-0.824822,-1
2.94391,-0.380472,-1
6.9272,-1.83675,-1
5.46184,-0.272852,37
5.58192,-0.226944,37
6.48456,-0.16942,35
5.80709,-0.400489,35
5.80256,0.106278,48
4.89337,0.878982,-1
5.79921,-0.179272,35
5.8748,0.110969,48
6.48793,0.168873,35
6.21302,0.251504,35
6.88212,0.139867,65
5.76263,-0.0432541,35
5.63264,0.134718,38
4.58183,0.157201,-1
5.93933,0.0426862,48
5.68069,1.11003,-1
6.59679,-1.11253,-1
6.60346,-0.308708,-1
5.06253,-0.57099,-1
5.83976,0.0251129,48
5.10545,-0.220671,47
4.29357,1.00649,33
8.71422,1.03132,-1
6.31654,0.435619,35
7.46161,-2.08753,-1
5.03982,-0.318328,47
3.61737,-0.165058,-1
6.44718,1.93841,-1
6.84834,0.318147,65
5.84078,-1.72971,-1
6.21676,-0.521368,35
6.95318,-0.174383,-1
5.56321,0.92432,-1
8.51127,1.50802,-1
5.42336,0.376989,38
6.5064,-1.42813,-1
5.85766,0.941546,-1
6.34629,-0.158201,35
6.85653,0.769759,50
4.49459,0.335006,-1
6.48178,-0.909865,49
4.13263,-1.13618,-1
6.34554,-0.0605048,35
5.89839,0.66416,35
