-0.212721,0.369257,1,1,1
-1.50355,-1.10176,1,1,1
-0.0661181,-0.354777,1,1,1
-0.755377,1.33232,1,1,1
2.00832,-0.449549,1,1,1
0.37277,0.402217,1,1,1
2.40331,-1.24062,-1,-1,-1
-0.338125,-0.904934,1,1,1
-0.169293,1.22797,1,1,1
1.66595,0.174271,1,1,1
-0.13307,0.33089,1,1,1
2.56912,0.301993,-1,-1,-1
1.02277,0.632042,1,1,1
-1.53855,-0.672991,1,1,1
0.866258,-1.2771,1,1,1
1.32982,-0.297273,1,1,1
0.819305,0.616591,1,1,1
-0.805541,-0.16614,1,1,1
-1.00169,-0.638871,1,1,1
0.379342,-0.67973,1,1,1
0.527484,0.48888,1,1,1
0.681131,-0.595771,1,1,1
0.323185,0.759605,1,1,1
0.244008,-0.276017,1,1,1
0.608012,1.02649,1,1,1
0.604605,0.959356,1,1,1
-0.805758,-0.0965532,1,1,1
0.690333,0.440899,1,1,1
0.345117,-1.95341,1,1,1
0.385314,-2.38431,1,1,1
-1.20475,-0.297896,1,1,1
0.9657,0.206528,1,1,1
0.55828,-1.46274,1,1,1
-0.546727,-1.02134,1,1,1
0.228569,0.389999,1,1,1
-0.0674169,-0.0338117,1,1,1
-0.338871,-0.0470798,1,1,1
-0.251072,-0.20188,1,1,1
-1.17031,-0.267368,1,1,1
-0.875776,-0.378618,1,1,1
1.24975,-0.855192,1,1,1
-0.766203,-0.178837,1,1,1
0.609592,0.220389,1,1,1
0.386608,1.30919,1,1,1
-1.09135,1.02901,1,1,1
-1.15103,1.79898,-1,-1,-1
0.777953,-0.406371,1,1,1
0.521021,0.185187,1,1,1
0.864942,0.834595,1,1,1
-0.250902,0.430149,1,1,1
-1.29173,0.553116,1,1,1
1.97416,-0.614006,1,1,1
-0.0736805,-0.513216,1,1,1
-0.534299,-0.68748,1,1,1
0.136731,0.439116,1,1,1
0.162765,-0.73114,1,1,1
-0.752499,-0.384299,1,1,1
0.326503,-0.449807,1,1,1
-0.845792,-2.1851,-1,-1,-1
0.99284,-0.897173,1,1,1
-1.24368,-0.378528,1,1,1
0.282944,-0.364496,1,1,1
0.602113,0.285707,1,1,1
0.0528652,1.04345,1,1,1
3.24941,0.415463,-1,-1,-1
-0.567278,1.37119,1,1,1
0.0385602,0.202368,1,1,1
1.68338,-1.2271,1,1,1
0.162869,-1.73995,1,1,1
-0.628935,-0.059126,1,1,1
0.370203,-0.728724,1,1,1
-1.9044,-1.02191,1,1,1
0.177748,-0.0842743,1,1,1
-0.566751,-2.01653,1,-1,1
-1.44238,-1.32313,1,1,1
0.540813,1.08756,1,1,1
0.31456,0.454323,1,1,1
0.166739,-1.32313,1,1,1
1.00059,1.03222,1,1,1
0.885817,4.1842,-1,-1,-1
-0.60679,0.189497,1,1,1
-0.622401,0.427132,1,1,1
-0.0153159,-0.274302,1,1,1
0.65589,0.0933786,1,1,1
0.275177,0.710913,1,1,1
2.02582,0.22307,1,-1,1
-0.0268696,-0.270746,1,1,1
-0.568146,1.03399,1,1,1
-0.102369,0.211077,1,1,1
1.33281,-2.02161,2,2,2
-0.937245,0.0255496,1,1,1
0.675136,0.600679,1,1,1
0.458846,-0.729764,1,1,1
-1.60057,0.229966,1,1,1
0.286871,1.39389,1,1,1
0.498007,-0.159734,1,1,1
-3.03287,-0.374911,-1,-1,-1
1.25669,0.826595,1,1,1
0.815541,0.107557,1,1,1
-0.252301,1.0978,1,1,1
0.71668,-0.659409,1,1,1
0.121701,1.30691,1,1,1
0.705074,1.77749,1,1,1
1.06439,0.0784506,1,1,1
2.12164,0.809486,-1,-1,-1
0.109161,-1.30001,1,1,1
0.53196,-0.66999,1,1,1
0.266418,0.32496,1,1,1
-0.556076,-0.783319,1,1,1
-0.103446,-1.09639,1,1,1
0.533689,-0.562744,1,1,1
0.432661,0.256781,1,1,1
-1.01815,1.83537,-1,-1,-1
0.650716,1.12252,1,1,1
-0.775061,-0.576089,1,1,1
2.07572,0.233676,1,-1,1
0.321957,0.966634,1,1,1
-0.274172,0.202243,1,1,1
1.25531,-1.98566,2,2,2
-2.29943,-0.611274,-1,-1,-1
1.44461,-0.313842,1,1,1
-1.96007,-1.90611,-1,-1,-1
0.498061,-0.835743,1,1,1
-1.45099,-0.0502222,1,1,1
0.462838,-1.65595,1,1,1
0.687891,2.84129,-1,-1,-1
0.553175,-1.18127,1,1,1
-1.67715,0.230636,1,1,1
1.09007,-1.28485,1,1,1
-0.507871,0.076827,1,1,1
0.369635,-0.907728,1,1,1
-1.64871,-0.744727,1,1,1
-1.3851,-0.028014,1,1,1
0.548848,0.774552,1,1,1
0.754081,0.551398,1,1,1
0.330768,1.00772,1,1,1
0.749565,0.0997288,1,1,1
-0.274474,-1.00389,1,1,1
0.206142,0.0238597,1,1,1
2.41181,0.349243,1,-1,1
1.36164,-0.390235,1,1,1
0.978763,1.61014,1,1,1
0.394581,0.160415,1,1,1
0.0796998,1.64965,1,1,1
0.93999,-0.650533,1,1,1
1.59137,1.36773,1,1,1
0.836967,0.236069,1,1,1
0.0259317,1.66547,1,1,1
-0.224486,0.601965,1,1,1
-0.453832,-0.40044,1,1,1
-1.37302,0.437976,1,1,1
-0.734537,-0.357487,1,1,1
-2.13303,0.333528,-1,-1,-1
-0.567262,-0.286221,1,1,1
-1.78352,0.579218,1,1,1
-0.142869,0.454411,1,1,1
0.551544,0.512434,1,1,1
-0.298166,-0.142882,1,1,1
-1.74666,2.53365,-1,-1,-1
0.0268393,0.204112,1,1,1
-1.89934,0.849761,1,1,1
1.15117,-1.9098,2,2,2
-0.063506,-0.451823,1,1,1
0.891439,-0.0770279,1,1,1
-1.19977,-1.09746,1,1,1
-0.0364751,-0.814613,1,1,1
-0.938948,0.628589,1,1,1
0.441136,-0.558543,1,1,1
-1.75987,-0.715138,1,1,1
1.0646,-0.913978,1,1,1
0.056776,-0.496044,1,1,1
1.08909,-1.23059,1,1,1
0.561076,1.4609,1,1,1
-1.26547,0.725621,1,1,1
0.99097,-1.32439,1,1,1
-1.09119,-0.597039,1,1,1
-0.139031,-2.01577,1,1,1
-0.0785156,1.52399,1,1,1
-0.368844,-1.48264,1,1,1
0.40883,1.04156,1,1,1
1.07886,-0.270364,1,1,1
-0.414938,0.777147,1,1,1
-2.08935,-2.01248,-1,-1,-1
0.52107,-1.38712,1,1,1
-1.80271,-0.859878,1,1,1
0.907464,-0.244851,1,1,1
1.6992,0.373159,1,1,1
-0.436364,-0.771361,1,1,1
-2.28863,-1.72912,-1,-1,-1
-0.0234195,0.654353,1,1,1
1.24584,-0.890216,1,1,1
0.443687,-0.832521,1,1,1
0.348612,0.395196,1,1,1
-1.24004,0.916929,1,1,1
1.7237,-1.07861,1,1,1
0.965306,-0.660853,1,1,1
-0.617356,-0.869146,1,1,1
-1.16759,1.45016,1,1,1
-0.425383,0.846666,1,1,1
0.295248,-1.26827,1,1,1
0.694807,1.76589,1,1,1
0.419425,-0.301814,1,1,1
-1.8995,-0.777481,1,1,1
0.22143,-0.70786,1,1,1
0.14124,-0.330738,1,1,1
-0.108801,-1.7416,1,1,1
0.210848,-1.84102,1,1,1
1.09341,0.727892,1,1,1
-0.848478,1.02704,1,1,1
1.5628,1.55751,1,1,1
1.24606,-1.39501,1,1,1
0.944596,0.53436,1,1,1
-0.931018,0.130929,1,1,1
-1.86915,-0.496182,1,1,1
1.95913,-0.767362,1,1,1
0.534658,0.868355,1,1,1
-0.633817,0.307376,1,1,1
0.501465,-1.06043,1,1,1
-1.1475,-1.1292,1,1,1
-0.446021,1.18667,1,1,1
-1.63012,1.54198,1,1,1
-1.24573,0.048521,1,1,1
-0.421524,0.21428,1,1,1
1.67241,-0.461724,1,1,1
-0.485887,0.539511,1,1,1
-0.603859,0.388903,1,1,1
-0.964584,-0.0958458,1,1,1
-1.36104,0.780563,1,1,1
-0.0738007,0.459809,1,1,1
2.00975,0.401736,1,1,1
0.566681,-1.14162,1,1,1
1.27971,-0.438677,1,1,1
1.34296,-0.823487,1,1,1
0.405326,-1.32398,1,1,1
0.974763,-0.807181,1,1,1
0.146019,-0.664987,1,1,1
-1.3231,-0.53534,1,1,1
-0.0448802,-0.86929,1,1,1
-2.41298,1.94809,-1,-1,-1
-0.306541,-1.01707,1,1,1
-0.251123,1.70212,1,1,1
-1.09233,-1.72575,1,1,1
-1.2226,0.336972,1,1,1
0.07674,0.174799,1,1,1
-0.0827418,0.676572,1,1,1
-1.16642,-0.692654,1,1,1
-0.69414,-1.24175,1,1,1
-0.56439,-1.5059,1,1,1
-0.669779,0.938922,1,1,1
1.74161,-0.356082,1,1,1
0.0826597,-1.41792,1,1,1
0.127418,1.67514,1,1,1
1.33334,1.23692,1,1,1
0.621843,-0.0830995,1,1,1
0.855707,-2.61173,-1,-1,-1
0.793322,0.569555,1,1,1
-1.49705,-0.0945778,1,1,1
1.71299,0.527188,1,1,1
1.87425,1.16721,-1,-1,-1
-0.884092,1.04084,1,1,1
0.229758,0.629522,1,1,1
1.54884,-1.24415,1,1,1
0.969058,0.936358,1,1,1
0.926355,0.28722,1,1,1
0.333818,0.250894,1,1,1
-1.28072,-1.80645,-1,-1,-1
1.50311,2.15217,-1,-1,-1
1.23361,-0.601793,1,1,1
0.427161,1.19722,1,1,1
0.0126052,-0.845212,1,1,1
0.30283,-0.711288,1,1,1
0.323774,-0.665514,1,1,1
-0.525522,2.5472,-1,-1,-1
0.310262,-0.696175,1,1,1
-0.0697667,-0.230902,1,1,1
-0.306969,0.0163945,1,1,1
-1.31188,-0.854208,1,1,1
0.0845136,-1.1164,1,1,1
-1.64197,0.767979,1,1,1
0.496714,-2.08151,1,1,1
-0.12765,-0.543943,1,1,1
-0.148013,0.013547,1,1,1
-0.75203,-2.24174,-1,-1,-1
-0.449419,0.16314,1,1,1
-0.319187,1.23545,1,1,1
-0.238764,1.4728,1,1,1
-1.14058,0.879829,1,1,1
0.774129,0.703355,1,1,1
2.52284,0.698612,-1,-1,-1
0.727292,-1.29603,1,1,1
0.101185,1.97007,1,1,1
-0.0821925,-0.1263,1,1,1
-0.204607,-0.248836,1,1,1
-0.265437,-0.568955,1,1,1
-0.788473,-0.317447,1,1,1
0.0302725,-1.33673,1,1,1
-0.69749,-3.21591,-1,-1,-1
0.514796,1.83776,1,1,1
0.845952,1.37789,1,1,1
0.881658,1.33937,1,1,1
0.963549,-0.649962,1,1,1
-0.0281529,0.969463,1,1,1
-0.00818637,-1.02338,1,1,1
-0.213448,-0.138863,1,1,1
-0.124832,-0.692914,1,1,1
-0.679213,0.11613,1,1,1
-1.04823,0.225245,1,1,1
-0.938641,-0.225156,1,1,1
-1.64716,-0.753037,1,1,1
1.17195,-0.305107,1,1,1
0.700673,0.5263,1,1,1
-1.15812,0.450787,1,1,1
-0.0754696,-0.513215,1,1,1
-0.872292,-0.186179,1,1,1
1.20653,-0.556209,1,1,1
0.561262,0.671765,1,1,1
0.0544332,-0.121678,1,1,1
1.89275,-0.932229,1,1,1
1.15263,-0.58885,1,1,1
1.09514,-0.476356,1,1,1
-0.21224,-0.271834,1,1,1
0.715799,0.197399,1,1,1
-0.604893,-0.912559,1,1,1
-0.128243,-0.206657,1,1,1
-0.582775,-0.794387,1,1,1
-1.44052,1.00259,1,1,1
0.366512,-1.99282,1,1,1
0.0376638,-1.31977,1,1,1
-0.0154449,0.768312,1,1,1
1.30896,1.51492,1,1,1
1.05682,1.31469,1,1,1
-0.0624375,-0.30491,1,1,1
0.202215,-0.255552,1,1,1
-2.26902,0.931943,3,3,3
0.285142,0.505058,1,1,1
0.0797514,1.91367,1,1,1
0.625753,0.0995633,1,1,1
-0.561589,1.25163,1,1,1
0.232409,0.436365,1,1,1
-0.763138,0.206964,1,1,1
-0.0440128,-2.13761,1,1,1
0.313777,0.81482,1,1,1
0.926813,-0.198407,1,1,1
-0.394283,1.00861,1,1,1
0.580358,-1.08979,1,1,1
0.738174,0.843945,1,1,1
1.2779,-0.764877,1,1,1
-0.249721,-1.24934,1,1,1
-1.59423,-0.484456,1,1,1
-0.512753,-0.142733,1,1,1
0.0887349,-0.547246,1,1,1
1.16907,-0.380601,1,1,1
0.679244,0.148876,1,1,1
-0.107508,-0.307856,1,1,1
-0.0864574,-0.83966,1,1,1
-1.41434,1.32933,1,1,1
0.257313,0.32465,1,1,1
-1.3563,2.31085,-1,-1,-1
1.08558,0.851125,1,1,1
0.268886,-0.307737,1,1,1
-1.56496,-0.16754,1,1,1
-0.851278,-0.536897,1,1,1
-1.93838,-1.02272,1,1,1
0.784059,-0.0460362,1,1,1
-0.203969,0.177769,1,1,1
-1.3116,-0.435308,1,1,1
-0.0715254,0.271722,1,1,1
0.498899,-0.386483,1,1,1
-0.00686144,-1.76966,1,1,1
-1.63199,-0.38693,1,1,1
0.634886,2.09463,1,-1,1
-0.50307,-0.164559,1,1,1
1.32743,1.3219,1,1,1
1.21297,-0.833472,1,1,1
1.47027,0.62389,1,1,1
0.397405,0.204432,1,1,1
0.650607,0.709332,1,1,1
0.481001,-1.19495,1,1,1
0.198588,-0.765155,1,1,1
1.80368,-0.218791,1,1,1
0.542141,1.46596,1,1,1
0.697628,-0.314981,1,1,1
-0.254305,0.678071,1,1,1
1.16884,1.2903,1,1,1
0.243473,-1.07792,1,1,1
-0.0520282,-0.577909,1,1,1
-0.074317,-0.41614,1,1,1
-0.929013,1.29497,1,1,1
0.393049,-0.363346,1,1,1
1.34355,-0.465869,1,1,1
0.962457,0.468955,1,1,1
-1.74105,-0.0989397,1,1,1
1.28214,-2.73106,-1,-1,-1
-1.73754,1.35441,1,1,1
-0.616454,-1.25731,1,1,1
-1.18719,-1.22553,1,1,1
-1.36805,0.915906,1,1,1
0.263751,-0.808419,1,1,1
0.870413,0.540554,1,1,1
-0.133189,-0.0911067,1,1,1
0.342242,-1.90324,1,1,1
-0.922531,0.81104,1,1,1
0.518918,-0.479935,1,1,1
-0.727188,-1.07658,1,1,1
-1.64881,0.420817,1,1,1
-0.0982524,-0.562536,1,1,1
0.404308,1.58325,1,1,1
-0.0679453,-0.781011,1,1,1
0.439633,0.584492,1,1,1
-0.86202,0.141095,1,1,1
0.183165,0.120288,1,1,1
-2.39684,0.715149,3,3,3
1.2036,-0.314136,1,1,1
0.233085,0.999187,1,1,1
-0.467894,2.06628,1,1,1
1.26652,0.0643066,1,1,1
-2.32508,-0.8962,-1,-1,-1
-1.07532,-1.14716,1,1,1
1.88578,-0.400383,1,1,1
-0.475999,-1.24084,1,1,1
-0.114567,-1.01187,1,1,1
2.01777,-1.52431,-1,-1,-1
1.42563,0.238086,1,1,1
0.0312833,0.206634,1,1,1
2.57831,0.661819,-1,-1,-1
1.13416,-0.646374,1,1,1
-0.312268,0.561323,1,1,1
-0.57036,1.09881,1,1,1
0.452523,1.28904,1,1,1
-0.25636,-0.569818,1,1,1
0.955856,0.0460612,1,1,1
2.0808,-1.48312,-1,-1,-1
-0.36345,1.37881,1,1,1
-0.358631,-1.66168,1,1,1
-0.748074,-0.596878,1,1,1
0.00525862,-0.931106,1,1,1
0.0923839,-1.20528,1,1,1
-0.24254,0.204678,1,1,1
-0.881768,-1.56052,1,1,1
0.340701,-0.503345,1,1,1
0.820418,-0.39836,1,1,1
0.70234,1.03456,1,1,1
-0.917305,-1.12909,1,1,1
-1.068,-1.16176,1,1,1
-0.717466,0.036305,1,1,1
1.40149,-0.551614,1,1,1
-0.28346,0.17333,1,1,1
0.820543,-1.08741,1,1,1
-0.287587,0.319105,1,1,1
-0.516602,0.871236,1,1,1
1.884,-1.42213,1,1,1
-0.379841,0.438533,1,1,1
-1.65217,-0.349875,1,1,1
0.312365,-1.01476,1,1,1
-0.0715567,1.25592,1,1,1
-2.34245,0.496157,3,3,3
-0.324804,0.814587,1,1,1
-1.05457,-0.234608,1,1,1
0.405356,0.171802,1,1,1
0.627505,2.26168,-1,-1,-1
1.41453,-1.26194,1,1,1
-0.492839,-0.758286,1,1,1
-1.11487,0.289123,1,1,1
-1.38758,1.32681,1,1,1
0.181026,0.420717,1,1,1
0.0451191,-1.31105,1,1,1
0.0965518,-0.119755,1,1,1
0.0951207,-0.94191,1,1,1
0.168896,-0.162734,1,1,1
-0.952234,2.41034,-1,-1,-1
0.957355,0.953443,1,1,1
-0.666203,1.99246,1,1,1
1.36025,1.25345,1,1,1
-0.979222,0.742965,1,1,1
0.405188,-0.669773,1,1,1
-0.0243825,-0.912936,1,1,1
-0.589718,0.482767,1,1,1
-0.466067,-0.00264663,1,1,1
-0.086193,0.138333,1,1,1
-0.727859,0.865782,1,1,1
-0.288986,0.197025,1,1,1
1.51772,-0.700945,1,1,1
1.5666,-1.61503,1,1,1
-0.961491,-0.517217,1,1,1
1.10366,1.10661,1,1,1
-0.869707,-0.468319,1,1,1
0.458499,-1.3295,1,1,1
-0.10768,1.18915,1,1,1
1.71588,-0.378295,1,1,1
1.12611,-0.95295,1,1,1
-1.67703,0.346752,1,1,1
0.833573,0.623428,1,1,1
1.74106,1.54874,1,1,1
1.75071,0.551736,1,1,1
1.50421,-1.86306,2,2,2
-0.0958164,2.16936,1,1,1
0.210397,-0.225437,1,1,1
-0.868486,2.16189,-1,-1,-1
0.478451,-1.23569,1,1,1
1.70399,0.5568,1,1,1
1.18719,-0.964312,1,1,1
1.16793,-0.0164759,1,1,1
-1.63988,-1.3439,1,1,1
-1.21779,-2.19766,-1,-1,-1
-1.55851,-0.840617,1,1,1
0.449922,1.47687,1,1,1
-0.981092,2.13547,-1,-1,-1
-0.424014,0.28083,1,1,1
0.829247,-1.48309,1,1,1
0.679756,-1.26991,1,1,1
1.24748,0.330878,1,1,1
0.707175,-0.51224,1,1,1
0.37939,0.06936,1,1,1
0.540473,0.0677688,1,1,1
-0.442531,-0.817761,1,1,1
-0.45801,1.24897,1,1,1
1.23918,-0.956131,1,1,1
0.962725,0.440507,1,1,1
-0.530849,0.0108919,1,1,1
-2.57636,-0.0711666,-1,-1,-1
0.0956387,-0.935264,1,1,1
0.0125121,-0.042274,1,1,1
-0.819383,0.672965,1,1,1
-0.408031,-1.72766,1,1,1
-0.753675,-0.517703,1,1,1
0.302782,1.18377,1,1,1
1.10096,-0.822204,1,1,1
0.519994,-0.012,1,1,1
-0.907173,0.788397,1,1,1
1.36657,-2.01603,2,2,2
-1.45832,-1.60578,1,1,1
-0.804316,0.450695,1,1,1
1.43398,1.19841,1,1,1
0.252738,-2.26296,1,1,1
1.1466,-1.99595,2,2,2
0.66201,-0.412411,1,1,1
0.31404,1.15401,1,1,1
1.52153,0.359813,1,1,1
0.132237,-0.435195,1,1,1
-0.0868515,1.45359,1,1,1
-1.02022,0.0200261,1,1,1
0.102249,-1.47797,1,1,1
0.0601563,-1.07089,1,1,1
-0.488213,1.30348,1,1,1
1.7659,-0.36814,1,1,1
0.208783,-0.74796,1,1,1
1.49332,-0.16571,1,1,1
-2.16847,1.33866,-1,-1,-1
1.04753,1.47717,1,1,1
-1.69525,-0.109987,1,1,1
-0.434424,0.0132036,1,1,1
-0.0322941,-0.248006,1,1,1
1.02793,-1.16626,1,1,1
-0.203094,-0.39188,1,1,1
1.06894,0.704116,1,1,1
0.339184,0.280463,1,1,1
-1.9233,-2.81376,-1,-1,-1
0.610536,1.54371,1,1,1
0.490373,-0.0501594,1,1,1
-0.439346,0.970789,1,1,1
-0.900084,-1.23659,1,1,1
0.143324,0.845396,1,1,1
0.829411,-1.78936,-1,-1,-1
-0.104488,0.0117544,1,1,1
0.646556,0.0854136,1,1,1
2.6688,-0.260763,-1,-1,-1
-1.08943,-0.07531,1,1,1
0.629522,0.360079,1,1,1
-1.03934,-0.587845,1,1,1
-1.10253,0.163291,1,1,1
0.599076,-2.45702,-1,-1,-1
1.54812,0.65052,1,1,1
-0.406741,1.90211,1,1,1
-0.427278,0.800699,1,1,1
-0.710945,0.755771,1,1,1
1.32273,0.396444,1,1,1
0.409948,0.528071,1,1,1
-0.774061,1.30972,1,1,1
0.978205,-0.311409,1,1,1
0.289004,-0.748882,1,1,1
0.0280962,0.759353,1,1,1
-0.126276,-0.18881,1,1,1
-0.750311,-1.83083,1,-1,1
-0.508124,-0.345061,1,1,1
-0.32265,0.0978836,1,1,1
0.559196,0.578171,1,1,1
1.5756,-0.0129037,1,1,1
1.54025,-2.54702,-1,-1,-1
2.35616,0.967223,-1,-1,-1
-1.14314,0.383354,1,1,1
1.79261,0.00885033,1,1,1
-1.30899,-0.0903359,1,1,1
0.648359,-0.199472,1,1,1
0.0770791,-0.532224,1,1,1
-1.23966,0.347415,1,1,1
-1.45337,-0.591312,1,1,1
-0.410899,-1.28505,1,1,1
-0.406898,0.51313,1,1,1
-0.963214,-0.67602,1,1,1
-0.64736,0.82516,1,1,1
-0.975199,1.44595,1,1,1
-1.03637,-0.316525,1,1,1
0.674992,0.477618,1,1,1
-0.17349,0.5435,1,1,1
-0.222983,-0.999509,1,1,1
0.14585,0.541173,1,1,1
2.16848,-0.466179,1,1,1
0.756811,1.09947,1,1,1
-0.505998,0.264482,1,1,1
-0.837435,-0.524138,1,1,1
-2.07685,-0.52722,1,1,1
-0.230216,1.08808,1,1,1
0.883043,1.66801,1,1,1
0.792215,0.406509,1,1,1
-0.150175,0.888085,1,1,1
0.827594,-1.26612,1,1,1
-0.342278,0.5866,1,1,1
0.632802,-0.832993,1,1,1
0.849426,0.391732,1,1,1
-0.845785,1.44442,1,1,1
-0.862472,-0.605913,1,1,1
-1.1119,0.503461,1,1,1
0.832959,0.95905,1,1,1
0.906102,0.0699791,1,1,1
1.08581,0.296675,1,1,1
0.550962,0.947091,1,1,1
-1.85532,-0.279763,1,1,1
0.980225,0.309219,1,1,1
0.143538,0.140458,1,1,1
0.0326433,0.127136,1,1,1
-0.457049,-0.0277325,1,1,1
-0.197473,1.79696,1,1,1
0.596744,1.41678,1,1,1
0.0967339,-0.903921,1,1,1
-0.065224,0.0764599,1,1,1
-1.4966,1.32397,1,1,1
-0.0256148,-0.465182,1,1,1
1.27367,0.0451085,1,1,1
-0.464279,-1.0432,1,1,1
1.39717,-0.263795,1,1,1
-1.12962,-0.0147692,1,1,1
-0.532467,0.392726,1,1,1
1.67959,0.671118,1,1,1
-0.677378,-0.831862,1,1,1
-2.0097,1.44056,-1,-1,-1
-1.28917,-0.202964,1,1,1
-0.66086,0.736882,1,1,1
0.433393,0.949203,1,1,1
0.768103,-0.421808,1,1,1
0.6055,-0.331535,1,1,1
-0.369675,0.572009,1,1,1
1.52589,-0.0050805,1,1,1
-1.30548,0.742132,1,1,1
-0.755623,-0.00638165,1,1,1
1.26033,-0.26744,1,1,1
-1.46746,-0.633681,1,1,1
-0.203683,-0.192713,1,1,1
1.31279,0.0665721,1,1,1
-1.53261,1.02449,1,1,1
0.0626641,-0.435516,1,1,1
-1.51586,-0.284239,1,1,1
0.917064,0.692109,1,1,1
-0.145875,-0.227847,1,1,1
0.359695,-0.217011,1,1,1
-1.15938,-0.0254067,1,1,1
0.036644,-2.05425,1,1,1
0.325649,1.1799,1,1,1
0.498345,0.824799,1,1,1
-0.0356689,0.492548,1,1,1
-1.41143,-0.157604,1,1,1
1.0942,1.35514,1,1,1
-1.00209,-0.914162,1,1,1
0.608794,-0.143197,1,1,1
0.0623927,0.468009,1,1,1
0.544048,0.965546,1,1,1
0.268231,-0.423138,1,1,1
1.23509,0.102579,1,1,1
-0.770356,-0.911593,1,1,1
-0.267636,0.960586,1,1,1
0.122627,-0.0649847,1,1,1
0.578424,0.232891,1,1,1
0.505486,-0.239877,1,1,1
1.22795,-0.332344,1,1,1
0.300427,0.137504,1,1,1
1.10628,-0.082129,1,1,1
-0.162999,0.845266,1,1,1
0.442992,-0.377697,1,1,1
1.80866,-0.940842,1,1,1
0.905559,-0.218942,1,1,1
0.770697,0.049338,1,1,1
-0.261048,1.73596,1,1,1
-0.327619,1.58966,1,1,1
-0.848919,0.0492742,1,1,1
-1.32901,-0.0572161,1,1,1
-1.25858,-1.13013,1,1,1
-1.63149,-0.999104,1,1,1
-0.428445,-0.205158,1,1,1
-0.284291,-0.102506,1,1,1
2.00323,0.750591,-1,-1,-1
-0.80307,0.562325,1,1,1
-0.414995,0.410362,1,1,1
-0.363033,-1.57683,1,1,1
1.04921,-0.967492,1,1,1
0.61542,-0.0737383,1,1,1
-0.72363,0.614407,1,1,1
1.11129,-1.44975,1,1,1
-1.56458,0.0269172,1,1,1
0.704849,-0.189591,1,1,1
1.96585,-0.523699,1,1,1
0.711168,-0.765788,1,1,1
-0.188573,0.0819132,1,1,1
0.571071,0.40261,1,1,1
0.38227,0.268125,1,1,1
-0.280202,-0.905877,1,1,1
-0.261556,-0.302825,1,1,1
0.834198,-0.667938,1,1,1
1.31806,-0.120227,1,1,1
-0.0378392,0.126312,1,1,1
0.293974,1.58925,1,1,1
-0.844936,0.372709,1,1,1
-0.410225,1.10272,1,1,1
0.502939,-0.864362,1,1,1
2.19795,-1.77171,-1,-1,-1
-0.734507,0.834498,1,1,1
0.206809,1.14115,1,1,1
0.150556,0.942557,1,1,1
2.13509,0.55093,1,-1,1
0.96421,-1.14062,1,1,1
2.03524,-3.27462,-1,-1,-1
0.730148,-0.865557,1,1,1
0.891953,-0.773593,1,1,1
2.25735,-1.39251,-1,-1,-1
0.69373,0.915848,1,1,1
0.199023,2.12318,1,1,1
0.472684,0.0133113,1,1,1
0.355701,-1.27752,1,1,1
1.33551,-0.00949047,1,1,1
-0.245188,1.13564,1,1,1
0.502682,0.740305,1,1,1
-1.71488,-0.71799,1,1,1
-0.956117,-0.91908,1,1,1
1.3213,0.0931335,1,1,1
0.253695,-0.256902,1,1,1
-1.94049,-1.49419,-1,-1,-1
1.45659,-1.43409,1,1,1
0.217408,1.42341,1,1,1
0.457945,-0.75951,1,1,1
2.2109,0.34805,1,-1,1
0.743483,0.993898,1,1,1
-1.37796,-0.604556,1,1,1
-0.615285,0.0646708,1,1,1
-0.168116,-0.298651,1,1,1
-0.265547,-0.999759,1,1,1
0.321378,0.760002,1,1,1
1.04533,-0.664564,1,1,1
-0.0701814,-1.92097,1,1,1
-0.629636,-0.291876,1,1,1
-0.0694762,-0.811722,1,1,1
-0.797713,0.0218391,1,1,1
0.0920582,0.411717,1,1,1
-2.66826,0.828822,3,3,3
0.542045,1.21229,1,1,1
-0.988448,-2.38046,-1,-1,-1
0.281624,0.156124,1,1,1
1.24447,0.277653,1,1,1
-0.9844,-1.31293,1,1,1
-0.801623,-0.781261,1,1,1
-0.975743,-0.360771,1,1,1
0.917869,0.112705,1,1,1
-1.44978,-0.295529,1,1,1
-1.10424,0.0444706,1,1,1
2.89758,-1.10422,-1,-1,-1
1.0356,-0.940252,1,1,1
0.450484,0.496291,1,1,1
0.501057,-0.0346703,1,1,1
-0.322752,1.46106,1,1,1
0.879144,-0.173399,1,1,1
-0.804829,-1.51295,1,1,1
-0.877763,-0.224458,1,1,1
-0.893394,-1.22077,1,1,1
-1.46657,-2.03373,-1,-1,-1
-2.24359,1.34781,-1,-1,-1
1.96014,1.04587,-1,-1,-1
-0.660195,-0.340899,1,1,1
-0.220361,-0.444502,1,1,1
0.101399,0.834485,1,1,1
1.26389,1.93209,-1,-1,-1
-2.34059,-0.245501,-1,-1,-1
-0.755875,0.808316,1,1,1
-0.170477,-0.825161,1,1,1
-1.24968,0.28711,1,1,1
0.635354,1.07775,1,1,1
-1.8,0.899282,1,1,1
-0.988474,-1.05547,1,1,1
-0.312863,-0.379214,1,1,1
1.20603,-0.945215,1,1,1
-0.467538,0.0154754,1,1,1
0.71589,0.790976,1,1,1
0.268776,1.52256,1,1,1
0.167163,-0.509316,1,1,1
0.105436,-1.27501,1,1,1
0.185715,-2.27889,1,1,1
0.246767,0.844726,1,1,1
0.77107,-0.95558,1,1,1
-0.597727,0.525435,1,1,1
1.08061,-0.702082,1,1,1
0.409638,0.945716,1,1,1
-0.709292,1.22852,1,1,1
-1.93824,-0.851464,1,1,1
0.494844,1.73232,1,1,1
-0.814217,-0.890773,1,1,1
-1.74327,-1.51023,-1,-1,-1
0.488474,-0.166914,1,1,1
0.141943,0.356531,1,1,1
-1.21692,0.353358,1,1,1
-1.00142,-1.60197,1,1,1
-0.155417,-0.883631,1,1,1
1.122,0.582066,1,1,1
1.20951,-0.176447,1,1,1
0.294584,-0.0818204,1,1,1
0.658915,1.357,1,1,1
0.100325,0.543423,1,1,1
0.039594,-1.14383,1,1,1
1.51097,1.09301,1,1,1
1.19145,0.610651,1,1,1
0.305304,-1.47176,1,1,1
0.68264,-0.942411,1,1,1
-1.09071,-0.190501,1,1,1
0.403575,0.987163,1,1,1
-1.04549,-0.505837,1,1,1
-0.594158,1.56689,1,1,1
-1.00343,-0.92715,1,1,1
-0.729957,0.380724,1,1,1
-0.663986,0.747165,1,1,1
-2.77564,0.581241,-1,-1,-1
-2.46331,0.836664,3,3,3
0.421151,1.44434,1,1,1
-0.474343,-0.621501,1,1,1
0.508721,-0.0854747,1,1,1
0.392842,0.108875,1,1,1
0.564649,-0.545357,1,1,1
0.128164,-1.08378,1,1,1
-0.728042,1.51673,1,1,1
-0.916263,-1.36846,1,1,1
-0.223677,0.50196,1,1,1
0.686627,-0.407542,1,1,1
0.525264,0.343545,1,1,1
-0.84038,0.509895,1,1,1
-0.829815,-0.58445,1,1,1
1.68973,0.0822991,1,1,1
0.993218,-0.459732,1,1,1
1.00067,0.142477,1,1,1
2.35093,-1.01093,-1,-1,-1
-2.33761,-0.932832,-1,-1,-1
0.715298,1.05291,1,1,1
0.214993,-0.0748176,1,1,1
0.176855,0.637738,1,1,1
-2.22686,0.527048,3,3,3
1.042,0.380586,1,1,1
3.09109,-1.53989,-1,-1,-1
-2.20446,0.762915,3,3,3
0.712749,-0.550116,1,1,1
0.616299,1.20208,1,1,1
-0.271908,0.629309,1,1,1
1.74521,-1.74986,2,2,2
-1.35373,0.0701278,1,1,1
1.26658,-0.287061,1,1,1
0.797186,-1.2494,1,1,1
-1.8465,-0.112629,1,1,1
0.295691,-0.804453,1,1,1
-1.4792,-0.141038,1,1,1
-0.062921,-0.82126,1,1,1
0.127743,-1.00493,1,1,1
-0.57772,1.18346,1,1,1
0.907532,-1.28932,1,1,1
0.0697899,0.0488526,1,1,1
0.0561683,-1.32882,1,1,1
-0.019381,-0.742226,1,1,1
1.78322,-0.915953,1,1,1
-0.640579,-0.078207,1,1,1
-0.434296,0.663903,1,1,1
-0.09397,0.214214,1,1,1
-2.12116,-0.0435686,1,1,1
-0.596623,0.827489,1,1,1
0.76826,-0.562325,1,1,1
0.133835,-2.17094,1,1,1
-0.451155,-0.422118,1,1,1
-0.185728,-1.55241,1,1,1
1.91512,-0.385159,1,1,1
0.806213,0.169972,1,1,1
1.76115,-0.779973,1,1,1
-0.591224,-1.22032,1,1,1
1.39015,1.33197,1,1,1
-1.68527,0.244847,1,1,1
-1.20894,-0.539081,1,1,1
-1.83919,-0.682309,1,1,1
0.715437,0.124375,1,1,1
0.107341,-1.55874,1,1,1
-1.96825,2.07655,-1,-1,-1
0.00745988,0.642888,1,1,1
0.621146,0.00470287,1,1,1
-0.627587,2.8224,-1,-1,-1
-1.71408,-2.48485,-1,-1,-1
-1.32421,0.12711,1,1,1
-0.343561,1.33232,1,1,1
-1.49666,-0.578194,1,1,1
-0.24865,-0.62136,1,1,1
-2.68487,0.877599,3,3,-1
2.88311,0.781286,-1,-1,-1
0.356656,0.873602,1,1,1
-1.41587,0.736314,1,1,1
-0.185178,0.131738,1,1,1
1.98375,-0.544189,1,1,1
0.720165,0.0435299,1,1,1
0.647827,-1.02398,1,1,1
0.22973,0.246052,1,1,1
-1.05843,-0.267491,1,1,1
-1.01958,-1.95746,-1,-1,-1
-0.550762,-1.46948,1,1,1
-0.0441444,-0.226495,1,1,1
0.851061,-0.373664,1,1,1
-1.46845,-0.531253,1,1,1
-0.452781,-0.789642,1,1,1
-1.46085,1.4103,1,1,1
1.26652,-0.74762,1,1,1
1.02365,-0.433122,1,1,1
0.159082,0.406686,1,1,1
0.978814,-0.603558,1,1,1
-0.481538,0.0579147,1,1,1
-0.38432,-0.556007,1,1,1
-0.833409,-1.23974,1,1,1
0.295729,-0.631611,1,1,1
-0.616363,-2.88555,-1,-1,-1
-0.671619,0.861343,1,1,1
1.57529,0.964641,1,1,1
-0.254336,-0.94916,1,1,1
1.48819,-1.17223,1,1,1
0.117278,1.97562,1,1,1
-0.113468,0.254813,1,1,1
-0.347679,-0.552088,1,1,1
0.412817,0.335136,1,1,1
0.644301,1.32881,1,1,1
-1.82949,-0.220944,1,1,1
2.63633,-0.548757,-1,-1,-1
-0.0678157,0.176269,1,1,1
0.175818,-1.28636,1,1,1
1.33415,-0.756911,1,1,1
1.60028,-0.140631,1,1,1
1.28287,-0.586967,1,1,1
0.940541,-1.15268,1,1,1
0.337544,-0.243827,1,1,1
-0.0398941,-2.52427,-1,-1,-1
-0.220986,-2.8699,-1,-1,-1
0.127188,0.899556,1,1,1
0.405984,-1.50032,1,1,1
-0.178774,-0.783287,1,1,1
-1.01198,-3.2272,-1,-1,-1
0.30189,-0.857484,1,1,1
-0.0478576,-0.478775,1,1,1
1.10811,0.778589,1,1,1
-1.83198,-0.148502,1,1,1
0.710551,0.707212,1,1,1
-0.151459,-0.367476,1,1,1
0.0160438,-0.743356,1,1,1
0.305494,0.256037,1,1,1
-0.225308,-0.835662,1,1,1
-0.393217,-0.138033,1,1,1
-0.140276,0.714567,1,1,1
-0.297541,0.8776,1,1,1
0.474081,-0.997587,1,1,1
0.824311,-0.0589945,1,1,1
-0.646645,0.448521,1,1,1
0.0718962,0.0757043,1,1,1
0.401581,0.423643,1,1,1
0.539884,-1.03707,1,1,1
0.000183099,-0.871893,1,1,1
1.29028,-0.656148,1,1,1
0.643655,2.45776,-1,-1,-1
0.804466,-0.858245,1,1,1
-0.30903,0.0116105,1,1,1
-0.509355,0.391271,1,1,1
0.794652,-2.04984,-1,-1,-1
0.880364,0.186568,1,1,1
1.6194,-0.258597,1,1,1
-0.876542,-0.472973,1,1,1
0.099807,1.21728,1,1,1
-0.0136554,-0.587827,1,1,1
-0.571426,-1.82195,1,1,1
0.255182,1.04278,1,1,1
-1.15006,-0.433212,1,1,1
0.690776,-0.666987,1,1,1
1.66962,0.18382,1,1,1
1.11403,-1.02215,1,1,1
-0.402823,-1.93903,1,1,1
-0.779598,0.671808,1,1,1
2.59415,0.0781273,-1,-1,-1
1.43831,-2.13499,2,2,2
0.13666,0.818601,1,1,1
-0.381948,0.609893,1,1,1
-0.406395,-0.210838,1,1,1
9.65679,8.66456,4,4,4
9.75495,10.5115,4,4,4
9.67382,10.1664,4,4,4
8.68246,10.0004,4,4,4
8.85575,9.97344,4,4,4
9.22828,11.1975,4,4,4
8.83264,9.4622,4,4,4
9.67449,10.0541,4,4,4
10.4489,7.99566,-1,-1,-1
8.96337,10.2992,4,4,4
9.8426,10.6748,4,4,4
11.5116,8.09221,-1,-1,-1
10.0998,11.0644,4,4,4
9.27541,8.93576,4,4,4
10.5067,12.2783,4,4,4
8.52119,8.59644,4,4,4
9.59091,11.1537,4,4,4
11.3509,11.5427,4,4,4
10.4236,9.32742,4,4,4
9.90912,10.1241,4,4,4
10.5183,9.13897,4,4,4
9.30921,10.3417,4,4,4
9.52669,8.4847,4,4,4
9.66634,10.2202,4,4,4
10.6643,10.3035,4,4,4
10.2352,9.43929,4,4,4
9.39742,10.3898,4,4,4
9.25995,10.8067,4,4,4
9.57055,11.7705,4,4,4
11.6984,8.33171,4,4,4
10.9392,9.73363,4,4,4
9.21649,10.2662,4,4,4
9.6516,10.7272,4,4,4
10.651,11.0039,4,4,4
10.3537,9.93169,4,4,4
10.1284,8.88878,4,4,4
10.3653,10.8205,4,4,4
10.8553,10.0129,4,4,4
10.2251,10.8121,4,4,4
8.33356,9.76462,4,4,4
9.9778,9.7275,4,4,4
11.854,9.96127,4,4,4
8.50646,8.4818,4,4,4
8.50979,10.8276,4,4,4
10.3137,8.77995,4,4,4
10.3938,9.30782,4,4,4
10.2402,10.3855,4,4,4
10.4446,10.9264,4,4,4
10.4338,10.2427,4,4,4
9.21862,10.6216,4,4,4
9.81918,10.5306,4,4,4
8.97074,10.4455,4,4,4
13.0424,9.93236,4,4,4
9.43156,9.09866,4,4,4
9.81846,10.1546,4,4,4
10.1871,10.9141,4,4,4
9.68456,8.95982,4,4,4
7.93341,11.5489,4,4,4
8.4952,10.6167,4,4,4
8.42581,10.9738,4,4,4
10.081,9.57474,4,4,4
8.40969,10.5011,4,4,4
9.57004,10.7074,4,4,4
8.292,9.49156,4,4,4
10.225,9.90698,4,4,4
9.6223,8.82692,4,4,4
10.9791,9.66374,4,4,4
9.23954,9.85322,4,4,4
11.145,9.20684,4,4,4
9.77121,9.82229,4,4,4
9.70976,9.83616,4,4,4
10.9371,10.0881,4,4,4
10.4668,10.442,4,4,4
11.4121,10.2836,4,4,4
10.6858,9.56027,4,4,4
9.48099,9.60312,4,4,4
10.9059,9.63941,4,4,4
10.6698,8.6968,4,4,4
9.57004,7.88128,-1,-1,-1
10.0529,10.244,4,4,4
12.6019,10.4812,4,4,4
9.93149,9.34845,4,4,4
9.69645,8.5016,4,4,4
11.4567,9.37204,4,4,4
8.98622,9.48729,4,4,4
10.3373,12.5852,4,4,4
10.5573,11.3609,4,4,4
7.68346,9.42975,4,4,4
10.8459,10.2161,4,4,4
8.49181,9.47468,4,4,4
10.9897,9.49038,4,4,4
9.7001,10.1768,4,4,4
9.4519,9.36555,4,4,4
8.80845,10.1472,4,4,4
10.5372,9.53099,4,4,4
9.68644,10.7038,4,4,4
10.1971,10.0768,4,4,4
8.20431,8.43579,-1,-1,-1
10.0851,10.9722,4,4,4
10.5167,10.4083,4,4,4
8.11684,9.45568,4,4,4
7.91939,10.041,4,4,4
9.83734,9.62187,4,4,4
10.6476,9.74007,4,4,4
10.2824,10.4018,4,4,4
9.43964,9.13789,4,4,4
9.66385,9.17358,4,4,4
8.63379,9.79464,4,4,4
10.0388,10.8496,4,4,4
9.71813,11.8482,4,4,4
9.15308,12.6231,4,4,4
11.2467,8.74602,4,4,4
9.56254,10.5157,4,4,4
10.3615,9.71896,4,4,4
9.18331,10.1173,4,4,4
8.56906,9.49739,4,4,4
10.4855,10.8546,4,4,4
12.2993,10.579,4,4,4
9.42315,10.537,4,4,4
9.71834,10.5732,4,4,4
11.0036,9.48111,4,4,4
8.66767,9.04029,4,4,4
8.72018,10.3338,4,4,4
9.8752,10.6829,4,4,4
11.8,11.5389,4,4,4
8.73273,9.7632,4,4,4
10.2225,9.39257,4,4,4
11.0795,11.3763,4,4,4
8.37209,9.49454,4,4,4
9.29367,8.75348,4,4,4
9.85951,8.84927,4,4,4
11.345,9.79423,4,4,4
10.7221,8.64968,4,4,4
8.28535,10.0949,4,4,4
8.82933,10.6028,4,4,4
9.85598,10.1262,4,4,4
12.1459,10.3856,4,4,4
9.9301,10.6406,4,4,4
10.1874,9.87681,4,4,4
9.78298,8.5278,4,4,4
9.11081,9.95132,4,4,4
9.99184,11.6026,4,4,4
9.85072,9.96495,4,4,4
9.19792,8.56329,4,4,4
10.3962,10.4562,4,4,4
9.54669,10.5128,4,4,4
10.7153,8.54001,4,4,4
10.3,11.6721,4,4,4
9.70339,9.58963,4,4,4
8.85178,9.84046,4,4,4
8.91876,10.1478,4,4,4
9.99506,10.189,4,4,4
9.36932,8.93402,4,4,4
10.3665,9.33596,4,4,4
11.134,9.68087,4,4,4
9.38491,10.2993,4,4,4
9.58948,9.32998,4,4,4
10.5495,8.96632,4,4,4
10.8007,10.9858,4,4,4
9.43544,10.4262,4,4,4
9.91672,11.7733,4,4,4
11.6989,10.3088,4,4,4
8.47943,10.7396,4,4,4
11.2369,9.28101,4,4,4
10.4532,10.5502,4,4,4
9.99416,9.49943,4,4,4
7.63302,11.0149,4,4,4
9.43178,11.2068,4,4,4
8.56995,8.2247,4,4,4
8.68376,8.77958,4,4,4
8.57821,11.1608,4,4,4
8.19098,7.77469,-1,-1,-1
11.911,9.82246,4,4,4
10.5474,9.4829,4,4,4
9.30002,11.1319,4,4,4
9.94478,9.24778,4,4,4
11.2986,11.0074,4,4,4
9.99058,11.9595,4,4,4
12.3812,8.51036,-1,-1,-1
9.38467,10.6116,4,4,4
11.7646,9.49725,4,4,4
8.15225,9.62884,4,4,4
10.2327,9.92193,4,4,4
8.92048,7.87255,-1,-1,-1
8.71045,10.3926,4,4,4
10.692,9.66204,4,4,4
8.73656,9.10881,4,4,4
10.3148,9.15814,4,4,4
11.5774,8.00541,-1,-1,-1
10.4806,11.1323,4,4,4
10.8875,9.39341,4,4,4
9.00151,9.29416,4,4,4
11.3768,7.71402,-1,-1,-1
11.7868,8.99181,4,4,4
6.98101,10.6202,4,4,4
9.22157,9.32459,4,4,4
10.312,11.8172,4,4,4
11.3375,7.65807,-1,-1,-1
10.5267,10.9343,4,4,4
8.88165,9.28524,4,4,4
9.51866,8.70141,4,4,4
10.9935,7.93862,-1,-1,-1
12.034,9.19965,4,4,4
9.27113,10.481,4,4,4
10.606,12.1277,4,4,4
8.39685,9.29385,4,4,4
9.77297,10.5121,4,4,4
8.08816,10.9642,4,4,4
9.73689,9.8663,4,4,4
11.5385,9.7336,4,4,4
10.4558,10.2887,4,4,4
11.7982,9.153,4,4,4
12.1385,9.79691,4,4,4
9.41013,10.595,4,4,4
9.30097,8.36607,4,4,4
9.57599,11.2118,4,4,4
9.51118,11.0651,4,4,4
8.49462,9.71016,4,4,4
9.35314,8.31216,4,4,4
10.3622,9.72662,4,4,4
11.3488,10.495,4,4,4
10.8967,9.8385,4,4,4
9.94736,9.66288,4,4,4
10.5612,9.80197,4,4,4
10.5409,10.8838,4,4,4
9.75773,9.79017,4,4,4
10.5642,7.88958,-1,-1,-1
10.7966,8.56271,4,4,4
9.48649,10.1527,4,4,4
9.74646,10.7332,4,4,4
14.6216,9.59935,-1,-1,-1
9.86707,10.5989,4,4,4
9.83963,10.0737,4,4,4
9.75522,10.7037,4,4,4
8.77422,10.8314,4,4,4
11.6766,9.61389,4,4,4
10.4609,11.5569,4,4,4
11.7015,8.72876,4,4,4
9.56075,9.0257,4,4,4
9.93224,8.43429,4,4,4
10.9864,11.404,4,4,4
10.5471,11.7659,4,4,4
10.8169,8.73698,4,4,4
9.51325,10.0589,4,4,4
10.5654,11.2045,4,4,4
9.06425,10.8136,4,4,4
7.99964,10.3359,4,4,4
9.82198,8.58572,4,4,4
9.88476,10.5674,4,4,4
9.07908,12.4172,4,4,4
10.0739,8.34866,4,4,4
11.4925,12.8112,4,4,4
11.4541,10.0277,4,4,4
8.71304,9.23994,4,4,4
10.6548,9.86232,4,4,4
10.6417,11.2368,4,4,4
9.00207,10.8733,4,4,4
10.7273,11.007,4,4,4
8.42566,9.43694,4,4,4
11.4543,10.7178,4,4,4
9.63855,9.98434,4,4,4
9.92278,8.81513,4,4,4
9.90454,9.89157,4,4,4
8.52592,10.0131,4,4,4
9.92314,11.2253,4,4,4
9.77031,8.88641,4,4,4
10.2275,10.1083,4,4,4
9.04941,8.7193,4,4,4
11.346,10.2189,4,4,4
10.0622,9.2028,4,4,4
9.57409,11.0166,4,4,4
9.48633,10.2356,4,4,4
10.6152,8.57378,4,4,4
8.297,8.35503,4,4,4
10.8607,10.8871,4,4,4
9.44042,9.2042,4,4,4
10.1961,8.56911,4,4,4
9.41762,9.7916,4,4,4
8.16621,10.1628,4,4,4
9.55177,9.90743,4,4,4
10.1663,10.4427,4,4,4
8.93369,10.7001,4,4,4
10.3199,9.26076,4,4,4
10.2165,8.72733,4,4,4
10.9264,9.05056,4,4,4
9.72007,9.06774,4,4,4
10.0245,9.23233,4,4,4
9.88078,8.30198,4,4,4
9.64313,11.401,4,4,4
8.71156,10.157,4,4,4
11.2887,11.6872,4,4,4
10.736,8.47031,4,4,4
10.1835,10.8731,4,4,4
8.89696,10.8689,4,4,4
9.00958,9.51609,4,4,4
9.55858,10.6236,4,4,4
9.91233,10.3443,4,4,4
11.235,11,4,4,4
10.0762,11.1183,4,4,4
11.0973,8.88718,4,4,4
9.80691,9.64594,4,4,4
11.6879,9.47127,4,4,4
10.1889,10.3891,4,4,4
8.48862,11.1799,4,4,4
10.5217,10.2883,4,4,4
10.6275,10.2108,4,4,4
10.0874,10.8477,4,4,4
11.733,9.22055,4,4,4
9.86105,9.48587,4,4,4
10.4185,9.92763,4,4,4
10.2597,8.77292,4,4,4
10.2931,9.09159,4,4,4
9.5123,9.4706,4,4,4
9.04585,10.7849,4,4,4
11.898,10.397,4,4,4
11.1477,9.80274,4,4,4
10.214,9.28843,4,4,4
10.1425,8.93693,4,4,4
11.122,9.79152,4,4,4
9.26102,12.4052,4,4,4
10.449,9.85779,4,4,4
8.1424,9.75187,4,4,4
8.60187,9.42389,4,4,4
10.496,11.4625,4,4,4
8.75265,9.41643,4,4,4
9.29239,9.74258,4,4,4
9.8242,10.4871,4,4,4
9.73717,10.2854,4,4,4
10.7763,10.2931,4,4,4
10.6868,9.77788,4,4,4
9.89072,8.51275,4,4,4
10.1648,8.84083,4,4,4
10.854,9.61461,4,4,4
9.73226,9.7762,4,4,4
10.3626,9.88946,4,4,4
8.921,9.32883,4,4,4
11.1553,10.3624,4,4,4
10.611,9.75006,4,4,4
10.3203,8.62642,4,4,4
9.56186,9.93085,4,4,4
8.43349,9.75159,4,4,4
11.3225,9.62059,4,4,4
8.14095,8.96888,-1,-1,-1
10.453,11.3725,4,4,4
10.5797,10.5303,4,4,4
10.1467,12.3376,4,4,4
9.76031,8.14656,4,4,4
8.90921,9.03898,4,4,4
9.40673,10.3776,4,4,4
9.29638,11.0102,4,4,4
9.73576,10.0449,4,4,4
11.5068,12.3652,4,4,4
8.94486,9.69937,4,4,4
10.1379,9.40501,4,4,4
12.8833,10.1552,4,4,4
11.1213,10.0873,4,4,4
9.99331,9.41197,4,4,4
8.85055,8.86863,4,4,4
9.08928,9.90869,4,4,4
9.49448,9.52263,4,4,4
10.08,9.90264,4,4,4
11.5662,9.63619,4,4,4
10.9497,9.78315,4,4,4
8.68005,8.45747,4,4,4
8.50996,11.2759,4,4,4
9.12858,10.8596,4,4,4
9.88802,11.4046,4,4,4
10.1779,11.0526,4,4,4
10.5302,9.4723,4,4,4
7.47233,9.17754,4,4,4
10.1861,10.8266,4,4,4
11.1375,11.084,4,4,4
8.6913,10.2817,4,4,4
9.85375,10.1776,4,4,4
10.3696,10.8965,4,4,4
8.68343,8.24628,4,4,4
12.2328,10.4187,4,4,4
10.5117,10.1091,4,4,4
8.53591,11.955,4,4,4
11.3656,10.3561,4,4,4
9.13197,11.2343,4,4,4
9.21991,10.7108,4,4,4
11.2254,10.1684,4,4,4
9.79755,8.76393,4,4,4
11.1745,9.00457,4,4,4
9.93253,11.0913,4,4,4
9.92737,9.72698,4,4,4
11.7769,10.8926,4,4,4
9.96907,10.5036,4,4,4
10.2406,10.0184,4,4,4
9.63961,9.84179,4,4,4
11.0158,12.1033,4,4,5
10.1772,10.9645,4,4,4
11.1475,10.2626,4,4,4
9.79131,9.03538,4,4,4
8.97325,10.2526,4,4,4
10.4677,9.00925,4,4,4
9.25187,9.25928,4,4,4
10.2467,11.2468,4,4,4
12.1587,8.90381,-1,-1,-1
11.0361,10.8984,4,4,4
11.0976,7.80344,-1,-1,-1
9.17886,9.48586,4,4,4
9.06448,9.01339,4,4,4
9.20916,8.93682,4,4,4
11.1691,10.5503,4,4,4
12.2088,11.335,4,4,4
8.89948,8.64371,4,4,4
10.1637,10.8782,4,4,4
8.8648,11.132,4,4,4
8.22547,7.99418,-1,-1,-1
9.00642,8.25661,4,4,4
11.0901,9.03857,4,4,4
8.40413,10.2318,4,4,4
9.84265,10.1223,4,4,4
10.1183,9.80063,4,4,4
10.4099,9.75356,4,4,4
9.7917,9.89616,4,4,4
11.0065,9.53241,4,4,4
11.6959,8.53827,4,4,4
8.9566,12.6805,4,4,4
10.2642,10.2196,4,4,4
10.3275,9.33956,4,4,4
10.9505,9.48688,4,4,4
10.0188,9.37759,4,4,4
11.4362,9.59831,4,4,4
11.296,9.22099,4,4,4
9.58993,8.63353,4,4,4
11.0266,9.2631,4,4,4
10.3728,9.61783,4,4,4
10.7227,11.2776,4,4,4
8.72596,8.80606,4,4,4
10.2426,9.82002,4,4,4
9.1093,10.1782,4,4,4
10.0466,11.5956,4,4,4
9.44928,9.74049,4,4,4
10.0912,11.0259,4,4,4
8.75256,10.1845,4,4,4
9.13538,11.8793,4,4,4
10.3185,9.57768,4,4,4
9.51639,9.52991,4,4,4
10.9022,9.80105,4,4,4
10.0487,9.68709,4,4,4
9.13806,10.1487,4,4,4
8.69948,8.99645,4,4,4
9.54773,9.89898,4,4,4
12.5242,11.7793,4,4,4
9.90971,9.53774,4,4,4
10.4931,10.5685,4,4,4
9.21543,8.09133,4,4,4
10.5026,10.0513,4,4,4
11.2862,10.034,4,4,4
8.22529,10.337,4,4,4
8.6632,9.61202,4,4,4
8.38731,10.1915,4,4,4
9.02041,9.31352,4,4,4
10.3769,10.2307,4,4,4
10.5004,8.94047,4,4,4
10.5773,9.94647,4,4,4
8.53918,9.09941,4,4,4
9.94241,9.76615,4,4,4
11.2703,10.7569,4,4,4
9.36121,9.21515,4,4,4
10.4393,9.8246,4,4,4
11.1745,10.9599,4,4,4
9.30445,9.29076,4,4,4
9.72,10.1278,4,4,4
11.6359,10.2468,4,4,4
9.89354,10.0941,4,4,4
9.04852,10.6003,4,4,4
10.9984,9.80277,4,4,4
9.88418,10.1786,4,4,4
8.99811,9.76946,4,4,4
10.028,10.028,4,4,4
9.91032,10.6705,4,4,4
9.64701,9.88674,4,4,4
9.98501,9.11165,4,4,4
12.0204,9.49258,4,4,4
11.1159,8.63239,4,4,4
8.41546,10.0238,4,4,4
10.3214,11.3142,4,4,4
10.1012,9.38783,4,4,4
9.87046,9.95719,4,4,4
9.66362,9.58625,4,4,4
11.4966,10.0258,4,4,4
8.31864,9.40457,4,4,4
8.46746,10.8137,4,4,4
10.3757,9.96706,4,4,4
8.2138,10.1253,4,4,4
10.5525,10.6755,4,4,4
9.93105,9.50936,4,4,4
11.0601,10.8748,4,4,4
9.54913,9.47749,4,4,4
10.4346,9.31904,4,4,4
10.4598,10.5617,4,4,4
9.9677,11.0434,4,4,4
8.42349,11.6865,4,4,4
9.9816,8.50917,4,4,4
9.4566,9.1768,4,4,4
9.44795,10.7113,4,4,4
7.69323,9.74123,4,4,4
10.1409,9.31551,4,4,4
10.4289,9.38276,4,4,4
10.9775,9.46564,4,4,4
12.3846,10.2903,4,4,4
10.404,10.1549,4,4,4
11.2351,10.9501,4,4,4
9.92729,10.1458,4,4,4
9.80381,10.2682,4,4,4
11.4125,11.3083,4,4,4
10.7202,8.70842,4,4,4
10.3795,9.66439,4,4,4
9.00819,8.91039,4,4,4
10.1302,9.82687,4,4,4
10.7623,8.91065,4,4,4
9.03977,10.7188,4,4,4
10.4876,9.39604,4,4,4
10.6487,9.72204,4,4,4
9.61541,8.51416,4,4,4
9.6414,8.49835,4,4,4
12.1942,8.02936,-1,-1,-1
10.0738,10.8506,4,4,4
9.75397,9.57271,4,4,4
10.7391,9.61914,4,4,4
10.5852,9.41046,4,4,4
8.41338,10.69,4,4,4
10.3678,11.2557,4,4,4
9.93802,9.46125,4,4,4
11.6366,10.3183,4,4,4
12.0652,10.7973,4,4,4
9.26549,9.82666,4,4,4
11.6176,8.47654,4,4,4
10.3813,8.87911,4,4,4
11.1972,9.59507,4,4,4
8.98671,9.76405,4,4,4
10.4757,8.29833,4,4,4
10.109,10.3756,4,4,4
9.04141,10.8383,4,4,4
10.027,10.5887,4,4,4
10.0403,10.5155,4,4,4
10.7875,8.99638,4,4,4
10.1212,10.1657,4,4,4
9.84322,11.1292,4,4,4
11.3915,10.9319,4,4,4
10.4615,10.9412,4,4,4
8.00904,9.45846,4,4,4
10.4452,11.1469,4,4,4
8.74494,8.96591,4,4,4
9.49024,7.87987,-1,-1,-1
10.868,8.95114,4,4,4
11.9992,9.64685,4,4,4
8.88753,10.2916,4,4,4
9.83648,10.1689,4,4,4
9.00329,10.3373,4,4,4
8.80622,9.75673,4,4,4
10.2736,9.04541,4,4,4
9.67508,10.6367,4,4,4
9.48487,10.8231,4,4,4
9.87894,11.2747,4,4,4
10.1496,10.6111,4,4,4
11.0804,10.3392,4,4,4
9.88223,11.6498,4,4,4
10.2745,11.0872,4,4,4
7.40854,9.52312,4,4,4
8.60929,9.54754,4,4,4
11.7848,9.30621,4,4,4
10.9629,11.2565,4,4,4
11.8751,10.4235,4,4,4
10.5783,9.94718,4,4,4
8.96902,10.1378,4,4,4
9.81746,9.53146,4,4,4
9.26932,7.78671,-1,-1,-1
8.85199,10.2315,4,4,4
10.9976,8.92837,4,4,4
11.115,10.093,4,4,4
7.75232,9.864,4,4,4
11.5785,10.4113,4,4,4
9.88458,10.2453,4,4,4
11.5391,10.1637,4,4,4
10.042,9.84812,4,4,4
9.61511,9.76941,4,4,4
9.61396,9.9793,4,4,4
9.90319,9.90364,4,4,4
9.40661,11.8567,4,4,4
10.3891,10.9618,4,4,4
11.3301,11.7043,4,4,4
10.3219,9.39837,4,4,4
13.2938,11.2573,4,4,4
9.76067,10.2869,4,4,4
9.76487,9.65365,4,4,4
10.2428,10.528,4,4,4
11.7688,9.3992,4,4,4
10.8462,9.42343,4,4,4
9.80991,10.5918,4,4,4
10.3908,11.0474,4,4,4
9.66641,11.0571,4,4,4
10.7026,10.6691,4,4,4
9.8223,9.74669,4,4,4
9.99849,11.0584,4,4,4
10.4848,12.0446,4,4,4
9.10105,12.2959,4,4,4
9.99369,10.474,4,4,4
8.96985,10.4726,4,4,4
9.2618,8.41931,4,4,4
8.80717,11.9088,4,4,4
9.90488,10.3055,4,4,4
9.90616,9.98678,4,4,4
11.0268,11.234,4,4,4
10.6578,10.0847,4,4,4
8.2699,8.41362,4,4,4
9.54942,9.72193,4,4,4
11.7197,9.46898,4,4,4
12.1947,10.9735,4,4,4
9.61245,10.1536,4,4,4
9.38223,9.61265,4,4,4
11.3834,9.85795,4,4,4
9.94938,9.28563,4,4,4
8.18645,10.931,4,4,4
11.2594,11.0969,4,4,4
9.3659,10.2482,4,4,4
10.0099,9.23478,4,4,4
11.1144,10.6055,4,4,4
8.55515,10.4422,4,4,4
10.0337,9.43492,4,4,4
9.5907,11.2393,4,4,4
9.37478,9.16097,4,4,4
9.63293,10.8919,4,4,4
10.2086,10.466,4,4,4
9.98694,10.1212,4,4,4
10.3469,7.93793,-1,-1,-1
9.14317,9.79658,4,4,4
11.6721,11.1345,4,4,4
9.93807,10.8451,4,4,4
9.79041,8.84227,4,4,4
10.8377,10.3393,4,4,4
9.34765,9.35282,4,4,4
10.3987,9.32325,4,4,4
11.3874,10.2471,4,4,4
8.4105,10.2553,4,4,4
11.1389,11.0326,4,4,4
9.75256,10.808,4,4,4
9.90124,11.049,4,4,4
9.49526,9.6127,4,4,4
8.88503,10.1616,4,4,4
10.7464,12.131,4,4,4
9.04639,11.0258,4,4,4
10.1948,10.9193,4,4,4
9.97834,10.9792,4,4,4
11.6819,8.67719,4,4,4
9.60395,10.5808,4,4,4
11.0585,10.5587,4,4,4
8.54346,11.2446,4,4,4
11.8612,8.61988,4,4,4
9.59973,10.0313,4,4,4
10.4636,9.58686,4,4,4
8.33214,10.1492,4,4,4
10.2932,10.3911,4,4,4
11.7269,12.3666,4,4,4
9.97924,9.68913,4,4,4
10.4925,10.0135,4,4,4
9.94199,11.626,4,4,4
9.44577,12.0167,4,4,4
10.6501,10.3496,4,4,4
10.1729,10.6958,4,4,4
10.937,10.2265,4,4,4
9.08486,8.62381,4,4,4
9.64427,9.28889,4,4,4
10.9905,12.3957,4,4,4
10.0323,10.112,4,4,4
10.9651,10.2191,4,4,4
10.0829,11.1761,4,4,4
8.39158,10.7789,4,4,4
10.2755,11.5422,4,4,4
10.0315,10.2602,4,4,4
11.119,10.4357,4,4,4
11.5063,11.2413,4,4,4
10.3638,9.46362,4,4,4
12.0723,9.47367,4,4,4
8.97035,8.80208,4,4,4
9.01324,10.4037,4,4,4
9.35783,9.69152,4,4,4
8.75694,9.73338,4,4,4
11.3965,9.57056,4,4,4
8.23187,9.05216,4,4,4
10.1933,9.94507,4,4,4
10.5172,10.7709,4,4,4
9.76404,11.15,4,4,4
11.0559,11.2476,4,4,4
9.69101,10.6169,4,4,4
10.3883,11.2946,4,4,4
11.5756,9.51279,4,4,4
10.3391,10.0038,4,4,4
9.19331,10.9035,4,4,4
9.94105,9.33051,4,4,4
9.19853,9.66141,4,4,4
9.89622,10.338,4,4,4
9.462,10.2622,4,4,4
9.53577,9.80139,4,4,4
8.81459,11.5207,4,4,4
10.0755,10.3089,4,4,4
10.1782,11.0316,4,4,4
9.49124,9.59926,4,4,4
11.0723,11.2212,4,4,4
9.95564,11.1849,4,4,4
9.84789,8.9593,4,4,4
8.45046,9.32309,4,4,4
8.20775,9.87001,4,4,4
11.388,10.7322,4,4,4
11.5477,10.3076,4,4,4
7.91717,10.2071,4,4,4
7.68595,9.6237,4,4,4
9.95562,10.9398,4,4,4
10.4226,11.3669,4,4,4
10.4791,9.82664,4,4,4
10.5785,9.76136,4,4,4
11.0148,9.57845,4,4,4
10.1796,11.6367,4,4,4
9.39805,9.119,4,4,4
11.6244,10.2206,4,4,4
10.1785,10.7635,4,4,4
10.3278,11.0385,4,4,4
11.9714,9.87675,4,4,4
9.61457,11.3877,4,4,4
9.64128,9.70214,4,4,4
9.74864,8.22974,4,4,4
11.0706,8.13358,-1,-1,-1
11.1287,10.0177,4,4,4
10.3957,11.151,4,4,4
9.57191,8.75735,4,4,4
10.6396,11.0445,4,4,4
11.362,9.96634,4,4,4
8.88745,8.46409,4,4,4
10.8273,11.3687,4,4,4
10.3414,12.1739,4,4,4
11.1723,9.13344,4,4,4
11.0868,9.5771,4,4,4
9.9671,9.28181,4,4,4
10.17,10.7405,4,4,4
8.47912,9.70599,4,4,4
10.124,9.35689,4,4,4
11.4118,10.397,4,4,4
10.0582,9.50126,4,4,4
11.6126,9.93526,4,4,4
11.2258,9.44685,4,4,4
9.35661,9.25089,4,4,4
9.00546,8.45653,4,4,4
8.80391,10.3321,4,4,4
10.6105,9.04343,4,4,4
7.59642,10.8275,4,4,4
9.1802,10.6809,4,4,4
9.16064,10.3696,4,4,4
10.1042,10.7567,4,4,4
10.4996,10.6285,4,4,4
9.98654,11.1965,4,4,4
10.7271,9.70231,4,4,4
9.83341,12.128,4,4,4
11.1997,10.3722,4,4,4
10.6069,10.082,4,4,4
10.6818,10.9073,4,4,4
11.9103,10.0087,4,4,4
10.4855,10.5043,4,4,4
8.66388,8.69723,4,4,4
11.0677,8.68933,4,4,4
9.51693,10.5309,4,4,4
8.63739,9.87253,4,4,4
9.9459,9.14648,4,4,4
8.94947,11.0257,4,4,4
10.4423,10.3895,4,4,4
8.4141,10.62,4,4,4
11.1957,11.9921,4,4,4
9.27539,8.44616,4,4,4
11.4184,8.56277,4,4,4
9.23867,8.95916,4,4,4
8.33442,10.1394,4,4,4
9.72058,7.60827,-1,-1,-1
10.9162,9.96283,4,4,4
11.4125,9.15792,4,4,4
9.72624,10.5773,4,4,4
9.90054,13.7075,-1,-1,-1
9.93161,10.3116,4,4,4
10.4418,10.9429,4,4,4
8.59619,9.83996,4,4,4
9.79809,8.4352,4,4,4
7.89191,9.10843,-1,-1,-1
10.7868,9.0922,4,4,4
8.75264,9.15325,4,4,4
9.81738,9.55995,4,4,4
10.3023,10.1078,4,4,4
9.72734,9.76814,4,4,4
10.0331,10.1081,4,4,4
10.1421,10.3131,4,4,4
10.3928,11.4013,4,4,4
9.87379,10.2644,4,4,4
11.0605,8.89108,4,4,4
9.85002,9.02734,4,4,4
11.7447,10.1158,4,4,4
11.0463,8.52508,4,5,4
10.1573,8.87213,4,4,4
9.33162,9.55936,4,4,4
10.8503,10.0239,4,4,4
8.98757,11.2953,4,4,4
11.5132,8.52665,4,4,4
6.52572,11.2693,4,4,4
10.8641,10.4071,4,4,4
9.55369,8.32074,4,4,4
10.9918,7.90199,-1,-1,-1
11.5092,9.50227,4,4,4
9.29119,10.2723,4,4,4
10.2327,11.8087,4,4,4
10.5587,9.95138,4,4,4
10.2232,9.36003,4,4,4
10.4773,9.65323,4,4,4
10.1553,10.7212,4,4,4
12.6492,10.5076,4,4,4
10.5142,8.89062,4,4,4
10.6573,9.1372,4,4,4
10.731,11.1302,4,4,4
10.4611,8.60199,4,4,4
10.3057,12.2842,4,4,4
10.7584,10.7725,4,4,4
11.016,10.1861,4,4,4
9.24636,9.97418,4,4,4
11.0958,11.2832,4,4,4
11.1906,10.0661,4,4,4
8.89259,12.0029,4,4,4
9.02004,8.81261,4,4,4
11.0374,11.6771,4,4,4
8.99351,10.6566,4,4,4
10.0096,10.5805,4,4,4
9.30227,11.4009,4,4,4
10.1773,9.54582,4,4,4
10.6869,11.0153,4,4,4
11.5343,8.80438,4,4,4
12.2928,9.70645,4,4,4
9.02865,8.79062,4,4,4
10.0289,10.7076,4,4,4
10.9524,10.3384,4,4,4
10.4493,10.5355,4,4,4
11.6843,9.50874,4,4,4
9.2445,11.4451,4,4,4
11.1821,9.59835,4,4,4
11.0593,10.3011,4,4,4
9.56639,9.83955,4,4,4
8.11696,8.74534,-1,-1,-1
10.2517,9.25765,4,4,4
9.3758,10.5946,4,4,4
9.99689,9.02055,4,4,4
11.9446,9.34575,4,4,4
11.0766,10.4541,4,4,4
9.65638,10.0853,4,4,4
9.02726,9.52972,4,4,4
9.35053,10.2254,4,4,4
8.20482,10.6607,4,4,4
10.0665,9.50036,4,4,4
9.85014,11.0069,4,4,4
9.83329,11.0677,4,4,4
9.97856,10.151,4,4,4
10.4406,9.54315,4,4,4
10.2148,10.4712,4,4,4
10.3276,9.96065,4,4,4
10.567,9.76517,4,4,4
9.25876,8.40463,4,4,4
11.4294,10.3197,4,4,4
8.71173,9.63078,4,4,4
9.61469,9.24405,4,4,4
9.89028,7.73357,-1,-1,-1
10.9075,8.75953,4,4,4
9.186,9.93885,4,4,4
7.69045,9.90457,4,4,4
8.10463,10.4744,4,4,4
10.7956,9.27838,4,4,4
8.64828,10.333,4,4,4
9.60187,8.99045,4,4,4
9.87843,10.6375,4,4,4
9.84759,10.7345,4,4,4
10.4097,10.6557,4,4,4
9.54249,10.2325,4,4,4
9.85945,11.2511,4,4,4
9.85947,9.81106,4,4,4
10.3901,10.219,4,4,4
11.3619,9.86845,4,4,4
9.74872,9.6208,4,4,4
9.13272,8.64559,4,4,4
11.6522,10.1374,4,4,4
9.63395,11.0009,4,4,4
8.76535,10.283,4,4,4
9.48297,10.6869,4,4,4
9.82968,8.95154,4,4,4
9.56271,9.77752,4,4,4
8.95982,12.4282,4,4,4
11.8278,8.54775,4,4,4
10.4359,9.92079,4,4,4
9.27288,9.45069,4,4,4
9.4068,9.59585,4,4,4
10.0367,9.40434,4,4,4
10.6304,10.3302,4,4,4
9.60739,11.2106,4,4,4
9.64514,9.00016,4,4,4
10.3567,10.9759,4,4,4
9.06771,10.3121,4,4,4
8.89155,10.7845,4,4,4
9.72217,10.9234,4,4,4
9.36192,9.85999,4,4,4
9.5084,11.605,4,4,4
10.1276,8.61008,4,4,4
9.4987,12.7909,4,4,4
10.4174,10.5092,4,4,4
9.41032,9.92981,4,4,4
8.87607,10.256,4,4,4
9.32279,10.0502,4,4,4
12.2031,9.08388,4,4,4
9.94944,9.11195,4,4,4
8.66425,11.5917,4,4,4
10.6664,9.99799,4,4,4
10.9802,11.0316,4,4,4
11.1532,10.5265,4,4,4
11.9186,7.71653,-1,-1,-1
7.46068,9.02533,-1,-1,-1
7.82671,10.89,4,4,4
9.33919,10.1798,4,4,4
10.6619,8.46718,4,4,4
9.64791,10.8335,4,4,4
9.14484,11.4068,4,4,4
9.81986,10.3279,4,4,4
11.0102,10.4316,4,4,4
12.0968,10.2857,4,4,4
9.15276,9.67583,4,4,4
9.30298,9.99391,4,4,4
11.0494,9.94305,4,4,4
10.3089,8.54354,4,4,4
9.50401,12.2116,4,4,4
9.96023,9.66327,4,4,4
10.0142,9.91334,4,4,4
9.533,10.0335,4,4,4
10.5217,9.38339,4,4,4
10.8188,8.14636,-1,-1,-1
9.94098,9.75797,4,4,4
11.2385,9.32667,4,4,4
9.14303,10.1121,4,4,4
8.8096,9.31443,4,4,4
10.7156,9.8553,4,4,4
8.26091,9.33368,4,4,4
11.3365,10.6082,4,4,4
9.09882,10.1357,4,4,4
10.8306,11.3856,4,4,4
11.2741,9.34777,4,4,4
10.2736,9.25814,4,4,4
10.4674,8.57037,4,4,4
10.515,10.084,4,4,4
8.59997,10.1417,4,4,4
10.8626,9.21886,4,4,4
8.48166,11.2144,4,4,4
12.2224,10.1254,4,4,4
10.0026,9.47214,4,4,4
9.90889,9.43495,4,4,4
7.81152,8.73014,-1,-1,-1
10.6691,10.7446,4,4,4
10.0626,10.7766,4,4,4
9.4884,11.4265,4,4,4
7.95524,8.76281,-1,-1,-1
8.80359,9.39586,4,4,4
9.81408,10.9005,4,4,4
10.3372,10.9226,4,4,4
9.17997,11.9633,4,4,4
9.31421,9.18987,4,4,4
10.3102,9.70528,4,4,4
9.70311,10.3215,4,4,4
10.1135,11.6185,4,4,4
8.10442,9.4325,4,4,4
10.2157,7.90167,-1,-1,-1
9.83888,10.5519,4,4,4
10.2489,9.29502,4,4,4
10.5949,8.64032,4,4,4
11.4228,9.87135,4,4,4
10.9182,10.1524,4,4,4
10.3929,10.0127,4,4,4
10.7902,8.50918,4,4,4
9.73825,11.1804,4,4,4
9.45578,8.31907,4,4,4
9.4909,9.22657,4,4,4
12.5939,10.3908,4,4,4
10.4533,11.6845,4,4,4
9.80431,9.99976,4,4,4
7.33021,9.46693,4,4,4
11.7437,10.2862,4,4,4
10.1394,10.3119,4,4,4
9.92431,10.1699,4,4,4
10.6043,9.7634,4,4,4
10.123,8.69733,4,4,4
11.5761,11.2776,4,4,4
9.27418,10.528,4,4,4
10.9863,10.8584,4,4,4
9.93559,10.4958,4,4,4
9.0512,8.31398,4,4,4
10.9068,10.5564,4,4,4
8.85685,10.021,4,4,4
9.26439,8.93616,4,4,4
10.4733,9.62988,4,4,4
10.4283,10.2077,4,4,4
9.80793,10.4738,4,4,4
11.6596,11.5682,4,4,4
13.0807,10.3384,4,4,4
12.5188,11.2047,4,4,4
12.3992,12.068,4,4,4
13.6407,11.7502,4,4,4
12.4884,11.266,4,4,4
12.1279,14.9194,-1,-1,-1
11.4758,10.3624,4,4,4
12.2918,12.3369,4,4,4
13.3588,10.7936,4,4,4
11.5506,15.3517,-1,-1,-1
11.234,10.8679,4,4,4
12.5814,12.6557,4,4,4
11.8205,12.4836,4,4,4
14.5035,10.7506,-1,-1,-1
12.4443,10.8828,4,4,4
12.2832,12.0606,4,4,4
13.7637,10.7878,4,4,4
12.119,13.6363,4,4,4
10.5631,11.4506,4,4,4
12.3715,11.5549,4,4,4
11.0677,11.5782,4,4,4
11.6016,11.8189,4,4,4
13.4727,11.6883,4,4,4
11.117,14.1304,4,4,4
12.7909,10.6613,4,4,4
14.0604,10.7909,4,4,4
13.097,11.7563,4,4,4
12.5324,11.9085,4,4,4
12.9466,11.8233,4,4,4
13.1669,11.342,4,4,4
11.7763,12.7513,4,4,4
11.4035,11.4925,4,4,4
10.481,9.60228,4,4,4
12.081,12.6048,4,4,4
12.8093,13.6656,4,4,4
11.9007,10.2076,4,4,4
10.611,12.3532,4,4,4
12.2823,10.6015,4,4,4
11.8199,12.0511,4,4,4
11.7218,11.8228,4,4,4
11.4306,12.7432,4,4,4
12.6002,13.0919,4,4,4
10.9441,10.9532,4,4,4
12.0884,9.70956,4,4,4
12.8702,12.1579,4,4,4
12.3471,12.6643,4,4,4
9.50416,12.9795,4,4,4
9.27234,12.1423,4,4,4
13.7505,11.8417,4,4,4
12.4753,13.3718,4,4,4
12.656,11.3174,4,4,4
11.2013,12.2517,4,4,4
11.1495,11.8482,4,4,4
11.1624,12.0256,4,4,4
10.9911,10.7611,4,4,4
11.1358,13.9056,4,4,4
12.698,13.2219,4,4,4
12.0694,11.3871,4,4,4
12.3351,12.5699,4,4,4
13.4385,10.5113,4,4,4
11.4081,10.6724,4,4,4
11.9532,11.8073,4,4,4
12.191,11.5257,4,4,4
10.6594,13.7414,4,4,4
12.6018,11.1419,4,4,4
14.0223,11.6773,4,4,4
12.2711,11.5517,4,4,4
12.6682,12.5189,4,4,4
11.8326,12.2196,4,4,4
10.0074,12.5736,4,4,4
12.573,11.6696,4,4,4
11.4303,12.3502,4,4,4
11.8154,12.293,4,4,4
12.9373,11.7201,4,4,4
12.8804,11.893,4,4,4
11.5267,13.971,4,4,4
12.6226,10.9223,4,4,4
12.4806,12.3515,4,4,4
11.8958,11.2919,4,4,4
11.3615,14.0526,4,4,4
13.1942,10.8618,4,4,4
10.9556,11.5349,4,4,4
11.8788,11.3692,4,4,4
14.1689,13.2028,-1,-1,-1
11.6445,11.0426,4,4,4
11.3431,12.9109,4,4,4
13.649,11.887,4,4,4
11.6428,12.7218,4,4,4
11.0521,12.4294,4,4,4
10.9537,11.4017,4,4,4
12.4563,11.4293,4,4,4
10.996,12.5176,4,4,4
13.252,11.8968,4,4,4
12.8235,11.282,4,4,4
10.2106,12.2713,4,4,4
11.9018,12.0219,4,4,4
11.2642,11.0374,4,4,4
11.7606,13.7935,4,4,4
10.7669,11.4061,4,4,4
11.8194,11.6897,4,4,4
12.2592,11.7024,4,4,4
11.1846,11.7204,4,4,4
14.6412,11.5614,-1,-1,-1
12.5193,12.5783,4,4,4
12.7727,12.7915,4,4,4
12.5896,11.1403,4,4,4
10.9447,10.1251,4,4,4
11.337,13.568,4,4,4
12.4637,12.505,4,4,4
12.5227,11.995,4,4,4
12.8053,11.1958,4,4,4
12.1841,10.4585,4,4,4
14.5501,11.3317,-1,-1,-1
12.3782,11.4397,4,4,4
12.862,11.9725,4,4,4
13.8667,11.278,4,4,4
11.2071,12.7464,4,4,4
10.1779,9.50011,4,4,4
11.9443,14.3524,4,4,4
11.6897,12.1651,4,4,4
13.505,12.1786,4,4,4
11.755,11.7399,4,4,4
11.7665,10.6704,4,4,4
10.7097,13.3263,4,4,4
14.271,11.9444,-1,-1,-1
12.8442,12.2253,4,4,4
11.2181,12.1625,4,4,4
11.7782,10.462,4,4,4
12.844,12.287,4,4,4
10.2214,12.159,4,4,4
12.2218,12.2877,4,4,4
12.7068,12.8895,4,4,4
12.6088,11.6344,4,4,4
11.6725,13.4854,4,4,4
10.0653,13.5836,-1,-1,-1
11.4744,13.6061,4,4,4
13.2766,12.325,4,4,4
12.1055,13.0969,4,4,4
11.4217,10.9648,4,4,4
12.7802,12.414,4,4,4
9.90355,11.312,4,4,4
10.8593,12.1215,4,4,4
11.4341,12.3923,4,4,4
12.2043,12.0549,4,4,4
11.6096,11.531,4,4,4
11.8526,11.4913,4,4,4
12.7124,11.2733,4,4,4
12.3108,12.0043,4,4,4
9.80428,10.4008,4,4,4
11.6461,11.2575,4,4,4
11.8161,13.3574,4,4,4
12.7841,10.9665,4,4,4
11.7698,12.3213,4,4,4
9.16053,13.2803,4,4,4
12.3603,12.1625,4,4,4
12.2445,13.8147,4,4,4
10.5545,11.8351,4,4,4
12.9102,11.259,4,4,4
11.5381,11.8495,4,4,4
10.7927,10.617,4,4,4
11.6175,11.9516,4,4,4
11.3107,14.9584,-1,-1,-1
12.6413,11.8475,4,4,4
12.0607,12.508,4,4,4
12.3757,11.6992,4,4,4
12.999,12.289,4,4,4
11.7682,12.3292,4,4,4
12.1837,12.8018,4,4,4
12.5038,13.0106,4,4,4
10.2064,11.3815,4,4,4
11.1831,12.4487,4,4,4
12.4007,14.2204,4,4,4
10.9003,12.883,4,4,4
13.1476,13.8649,4,4,4
12.3051,12.8674,4,4,4
12.1641,11.6236,4,4,4
12.9373,11.0925,4,4,4
13.1447,11.7658,4,4,4
12.1822,11.9287,4,4,4
12.7535,12.6104,4,4,4
9.93652,11.0306,4,4,4
11.7391,13.3581,4,4,4
12.5414,13.4843,4,4,4
10.8016,11.2703,4,4,4
11.6597,12.8995,4,4,4
13.0772,14.733,-1,-1,-1
12.2622,10.4396,4,4,4
11.3653,11.752,4,4,4
12.9496,11.5285,4,4,4
11.4029,11.1835,4,4,4
11.9642,11.7533,4,4,4
13.1925,10.1382,4,4,4
12.7037,12.4915,4,4,4
11.6496,13.516,4,4,4
10.819,13.6421,4,4,4
11.1803,11.8739,4,4,4
12.8669,11.699,4,4,4
12.2478,12.2673,4,4,4
11.4888,13.2017,4,4,4
12.6064,11.5759,4,4,4
12.4573,12.0757,4,4,4
11.0247,13.1975,4,4,4
11.886,11.8751,4,4,4
10.4416,12.7944,4,4,4
11.0975,12.977,4,4,4
11.6344,11.7594,4,4,4
11.5041,13.2584,4,4,4
11.3868,13.2769,4,4,4
13.7587,13.3584,4,4,4
12.0168,11.4326,4,4,4
12.3608,10.6147,4,4,4
11.586,12.3119,4,4,4
11.1501,11.2924,4,4,4
11.814,9.44488,4,4,4
11.4944,10.9295,4,4,4
12.3133,10.1435,4,4,4
10.8363,12.9366,4,4,4
12.4645,11.67,4,4,4
11.996,13.1498,4,4,4
13.3257,12.2748,4,4,4
10.1693,10.4086,4,4,4
11.2907,11.0813,4,4,4
10.8415,10.5512,4,4,4
11.276,12.6796,4,4,4
11.3681,12.2671,4,4,4
10.7924,14.7582,-1,-1,-1
11.5573,12.6665,4,4,4
11.9609,13.8821,4,4,4
12.3822,11.1949,4,4,4
11.291,11.6613,4,4,4
11.9638,12.5365,4,4,4
12.9501,11.1668,4,4,4
10.8559,12.1948,4,4,4
12.9134,11.873,4,4,4
10.8845,10.9464,4,4,4
11.4041,9.72202,4,4,4
12.0205,12.6259,4,4,4
11.8019,11.266,4,4,4
14.8478,12.46,-1,-1,-1
9.92598,13.4339,4,4,4
12.6093,11.7939,4,4,4
10.6118,12.9333,4,4,4
10.5819,11.1874,4,4,4
13.183,11.9866,4,4,4
11.8168,13.9128,4,4,4
13.1419,11.8697,4,4,4
10.9968,12.6767,4,4,4
11.3078,11.1999,4,4,4
12.2002,12.2241,4,4,4
11.9329,11.7337,4,4,4
12.6573,13.1519,4,4,4
10.7316,12.2592,4,4,4
11.312,11.7501,4,4,4
10.6503,12.5503,4,4,4
12.4751,9.8952,4,4,4
13.0342,12.6594,4,4,4
11.8774,12.0691,4,4,4
11.8661,13.3808,4,4,4
14.7556,11.6651,-1,-1,-1
11.2938,10.5916,4,4,4
11.5136,11.3734,4,4,4
11.9635,12.0725,4,4,4
13.9854,13.7251,-1,-1,-1
12.4402,12.7338,4,4,4
11.5942,11.3551,4,4,4
11.96,14.212,4,4,4
12.8894,11.0229,4,4,4
12.5597,10.9809,4,4,4
11.9758,9.91376,4,4,4
12.4454,12.2709,4,4,4
11.7506,12.5542,4,4,4
10.0189,12.3352,4,4,4
11.1641,11.1822,4,4,4
11.1332,10.4371,4,4,4
12.9946,11.9385,4,4,4
12.6914,11.9472,4,4,4
11.8046,10.8623,4,4,4
12.3555,11.5993,4,4,4
12.8985,12.7398,4,4,4
11.807,10.7506,4,4,4
14.3039,12.8445,-1,-1,-1
11.4715,12.6155,4,4,4
13.141,12.7278,4,4,4
13.9735,12.2911,4,4,4
12.054,14.2093,4,4,4
12.0878,10.8121,4,4,4
12.0817,11.4969,4,4,4
11.9115,10.4384,4,4,4
10.4899,13.2008,4,4,4
10.9358,12.9143,4,4,4
11.9704,10.9797,4,4,4
11.494,13.0398,4,4,4
11.446,10.6939,4,4,4
11.9145,11.9825,4,4,4
12.1834,13.0813,4,4,4
12.6236,11.1558,4,4,4
11.9543,12.4924,4,4,4
12.3668,10.0882,4,4,4
11.4102,10.7291,4,4,4
10.5207,13.3833,4,4,4
12.0223,13.5973,4,4,4
11.8469,13.8474,4,4,4
10.9066,11.1986,4,4,4
11.295,13.1503,4,4,4
10.4231,11.3188,4,4,4
12.4049,13.7638,4,4,4
13.4653,11.526,4,4,4
12.2976,12.3189,4,4,4
12.7973,12.6418,4,4,4
11.4024,11.6645,4,4,4
11.9462,10.6873,4,4,4
11.8219,12.5314,4,4,4
12.1698,10.6629,4,4,4
9.82672,11.2918,4,4,4
11.2247,11.5293,4,4,4
12.679,13.9889,4,4,4
12.2364,11.9808,4,4,4
12.7437,12.9208,4,4,4
11.8402,13.9122,4,4,4
10.6724,13.0473,4,4,4
12.4895,11.6735,4,4,4
12.432,11.7843,4,4,4
13.143,11.0179,4,4,4
11.234,10.4582,4,4,4
11.6545,11.9563,4,4,4
13.0495,10.8674,4,4,4
13.2021,10.8565,4,4,4
13.4031,13.0122,4,4,4
9.83343,12.1601,4,4,4
11.6699,13.2369,4,4,4
11.3478,13.3647,4,4,4
12.2066,10.9619,4,4,4
10.8192,12.0585,4,4,4
12.3048,11.1239,4,4,4
11.8735,11.5566,4,4,4
14.3713,11.8743,-1,-1,-1
11.5336,11.1369,4,4,4
11.6594,12.4867,4,4,4
11.4133,11.3923,4,4,4
13.4801,12.8693,4,4,4
12.9115,14.362,-1,-1,-1
12.0003,12.2744,4,4,4
11.9443,11.2702,4,4,4
11.6677,11.4106,4,4,4
13.4529,10.777,4,4,4
10.7402,13.021,4,4,4
11.5224,12.3144,4,4,4
10.8382,13.4774,4,4,4
13.5243,12.6501,4,4,4
12.4656,11.2411,4,4,4
11.8104,11.6166,4,4,4
10.5006,11.8028,4,4,4
11.2246,12.3178,4,4,4
12.3741,13.3065,4,4,4
11.8583,11.2261,4,4,4
12.9801,12.2058,4,4,4
11.7037,12.0247,4,4,4
11.7618,12.7357,4,4,4
11.9512,12.308,4,4,4
12.2356,10.7784,4,4,4
12.8152,11.0736,4,4,4
12.875,11.0634,4,4,4
10.6257,12.2938,4,4,4
11.5662,12.938,4,4,4
11.8062,11.7237,4,4,4
9.90434,12.9483,4,4,4
10.9959,12.5131,4,4,4
12.9635,13.6399,4,4,4
11.3789,10.8579,4,4,4
12.0388,12.6919,4,4,4
10.7053,12.2927,4,4,4
10.3403,12.3212,4,4,4
11.6012,13.7995,4,4,4
10.4355,11.9241,4,4,4
11.1578,12.3004,4,4,4
10.0107,12.1464,4,4,4
12.7486,11.6404,4,4,4
11.7785,13.5312,4,4,4
11.4322,13.0955,4,4,4
11.8585,11.8923,4,4,4
11.3606,11.4983,4,4,4
11.438,11.6658,4,4,4
8.74051,11.5301,4,4,4
13.0024,14.0341,4,4,4
10.8709,12.6204,4,4,4
11.976,10.8951,4,4,4
12.4617,11.6368,4,4,4
10.8991,10.9821,4,4,4
12.728,13.0082,4,4,4
11.4877,11.4468,4,4,4
12.6373,13.2252,4,4,4
11.2125,13.0645,4,4,4
11.4164,12.2853,4,4,4
11.9992,11.2561,4,4,4
13.0585,11.5343,4,4,4
12.0263,12.4974,4,4,4
11.6111,11.8835,4,4,4
11.2954,13.4702,4,4,4
11.0689,12.2635,4,4,4
13.0502,12.0273,4,4,4
12.1271,12.5762,4,4,4
11.7336,11.7634,4,4,4
11.4716,13.4337,4,4,4
11.0752,14.5945,-1,-1,-1
11.7642,11.6268,4,4,4
10.073,13.6561,-1,-1,-1
10.9784,11.2024,4,4,4
13.926,12.6153,4,4,4
12.2895,11.1447,4,4,4
11.7246,12.1219,4,4,4
12.5443,12.8762,4,4,4
12.2392,13.3036,4,4,4
10.9936,13.1766,4,4,4
11.2025,13.2229,4,4,4
12.4647,10.8851,4,4,4
12.0468,11.7443,4,4,4
11.8554,12.0311,4,4,4
12.6242,11.5349,4,4,4
11.4077,11.6497,4,4,4
12.9112,11.72,4,4,4
13.1134,12.4379,4,4,4
11.5441,12.2167,4,4,4
13.3109,11.5429,4,4,4
13.7019,11.0704,4,4,4
11.8677,11.1794,4,4,4
13.397,10.0978,4,4,4
11.4758,12.5351,4,4,4
11.869,12.5437,4,4,4
13.2367,11.513,4,4,4
12.5448,11.2849,4,4,4
10.3193,11.3117,4,4,4
11.7,13.0625,4,4,4
12.6362,11.7654,4,4,4
12.4397,10.7984,4,4,4
11.0303,12.4827,4,4,4
11.6714,13.5409,4,4,4
11.4126,11.9417,4,4,4
12.734,12.1293,4,4,4
12.0026,12.5745,4,4,4
10.4171,11.8934,4,4,4
13.4512,11.706,4,4,4
12.6458,12.4265,4,4,4
11.9847,11.9954,4,4,4
12.9091,12.658,4,4,4
9.45872,12.571,4,4,4
10.3913,11.3399,4,4,4
11.9155,12.2247,4,4,4
12.3623,11.0541,4,4,4
11.9193,11.7945,4,4,4
12.6572,13.0191,4,4,4
12.5604,11.5246,4,4,4
13.5148,13.6422,4,4,4
11.6124,13.038,4,4,4
10.1151,10.9038,4,4,4
12.5931,13.0816,4,4,4
11.3046,12.8118,4,4,4
11.9014,11.8909,4,4,4
13.314,12.8325,4,4,4
11.9713,12.3595,4,4,4
10.9716,10.1901,4,4,4
10.8461,10.8122,4,4,4
12.6335,13.8063,4,4,4
10.7486,12.8617,4,4,4
11.2658,11.7909,4,4,4
12.4478,11.7966,4,4,4
12.3155,11.9932,4,4,4
11.6471,11.4496,4,4,4
11.529,11.7666,4,4,4
9.93768,14.0341,-1,-1,-1
12.9069,11.1399,4,4,4
12.3328,12.0713,4,4,4
10.7661,11.2794,4,4,4
11.2418,12.8346,4,4,4
11.8993,11.4296,4,4,4
11.818,11.7477,4,4,4
12.3781,11.935,4,4,4
13.0431,12.3405,4,4,4
11.5978,11.7243,4,4,4
11.3753,12.547,4,4,4
13.0347,10.7167,4,4,4
10.8447,11.7543,4,4,4
12.0852,11.9897,4,4,4
12.2112,11.6243,4,4,4
11.7817,10.8944,4,4,4
12.1249,11.3621,4,4,4
11.8698,10.2429,4,4,4
11.7675,12.8949,4,4,4
12.4734,11.6256,4,4,4
11.6922,11.847,4,4,4
11.8152,11.664,4,4,4
13.0146,11.2921,4,4,4
11.0294,10.7762,4,4,4
12.3204,14.0938,4,4,4
12.3797,11.1922,4,4,4
12.6107,11.7823,4,4,4
11.4882,10.1774,4,4,4
11.2313,12.9879,4,4,4
13.1993,12.3715,4,4,4
10.2705,12.921,4,4,4
12.9933,10.9344,4,4,4
10.717,13.3125,4,4,4
12.4963,13.1721,4,4,4
12.1571,10.308,4,4,4
12.2028,13.2522,4,4,4
14.0596,12.2243,4,4,4
13.3812,10.911,4,4,4
9.28575,11.0066,4,4,4
10.2381,13.0506,4,4,4
12.3792,13.2885,4,4,4
12.0633,10.4156,4,4,4
13.3963,10.6016,4,4,4
12.2779,10.4227,4,4,4
11.0738,13.2126,4,4,4
11.5236,12.6288,4,4,4
12.5082,11.1625,4,4,4
13.1449,12.3817,4,4,4
10.7661,11.4884,4,4,4
11.4035,11.9365,4,4,4
12.3019,12.5768,4,4,4
13.0324,11.9962,4,4,4
11.2953,11.5684,4,4,4
11.2789,10.1947,4,4,4
10.2775,12.4177,4,4,4
12.9311,11.8281,4,4,4
14.5001,11.9535,-1,-1,-1
12.2091,12.3219,4,4,4
11.7799,10.6714,4,4,4
11.0869,12.1931,4,4,4
10.7268,12.3022,4,4,4
12.1382,14.1304,4,4,4
12.4683,11.9729,4,4,4
13.5696,10.9116,4,4,4
13.1115,12.6765,4,4,6
12.9841,12.8643,4,4,4
10.6617,12.9277,4,4,4
11.5319,13.3811,4,4,4
11.4243,12.4103,4,4,4
12.2043,11.4025,4,4,4
11.3683,10.9928,4,4,4
11.3238,12.5901,4,4,4
12.9066,12.0345,4,4,4
10.5597,13.9997,4,4,4
12.9715,13.3961,4,4,4
12.1468,11.35,4,4,4
11.3394,9.79719,4,4,4
10.9037,12.8933,4,4,4
12.7668,12.7469,4,4,4
10.1721,13.1195,4,4,4
12.5067,11.4728,4,4,4
12.9063,12.5098,4,4,4
13.13,14.0395,4,4,4
13.0615,13.2276,4,4,4
11.1143,13.0686,4,4,4
12.4361,13.7541,4,4,4
11.8559,11.9161,4,4,4
12.3163,11.4209,4,4,4
11.1921,11.9964,4,4,4
12.0373,11.5465,4,4,4
13.2564,13.6153,4,4,4
11.7528,10.8282,4,4,4
12.2008,11.3458,4,4,4
12.5611,12.693,4,4,4
11.8684,12.4499,4,4,4
11.3274,11.2873,4,4,4
12.2114,13.5701,4,4,4
11.8175,11.4247,4,4,4
9.89794,10.119,4,4,4
12.547,12.4199,4,4,4
14.5722,12.8721,-1,-1,-1
9.84482,12.9117,4,4,4
11.6697,11.708,4,4,4
13.7182,12.3796,4,4,4
11.5035,12.0926,4,4,4
12.8304,12.6754,4,4,4
13.2329,12.7338,4,4,4
12.0286,11.7433,4,4,4
11.4788,11.7356,4,4,4
11.7732,12.4517,4,4,4
10.632,11.8201,4,4,4
11.9041,9.94687,4,4,4
12.6644,12.435,4,4,4
11.4224,12.9202,4,4,4
12.1067,13.5258,4,4,4
13.3692,11.7836,4,4,4
13.2112,11.3102,4,4,4
12.8947,11.9083,4,4,4
12.6382,12.0427,4,4,4
12.1803,12.9105,4,4,4
12.1857,12.3089,4,4,4
12.2341,11.5235,4,4,4
11.6621,12.4852,4,4,4
12.0993,12.1072,4,4,4
11.8212,11.4629,4,4,4
11.3981,13.452,4,4,4
12.3127,13.1183,4,4,4
12.3877,11.7457,4,4,4
11.8602,10.8015,4,4,4
11.3056,13.1288,4,4,4
11.2294,12.6579,4,4,4
10.5889,12.0432,4,4,4
13.7178,11.407,4,4,4
10.4945,13.0605,4,4,4
12.2431,11.485,4,4,4
13.6668,12.1465,4,4,4
12.217,11.397,4,4,4
12.416,11.482,4,4,4
12.6784,13.9863,4,4,-1
13.3718,10.3198,4,4,4
13.3357,12.6358,4,4,4
12.8033,11.5586,4,4,4
12.2725,12.1249,4,4,4
12.8582,13.0433,4,4,4
12.8652,12.0157,4,4,4
12.2213,11.6154,4,4,4
11.8735,10.3839,4,4,4
11.7438,11.7051,4,4,4
12.246,10.255,4,4,4
13.3886,12.6555,4,4,4
11.9686,11.7994,4,4,4
12.2625,11.6488,4,4,4
10.4542,13.3098,4,4,4
14.0382,10.1609,-1,-1,-1
12.0262,12.401,4,4,4
11.8074,12.9205,4,4,4
12.3343,11.6407,4,4,4
11.9354,10.8803,4,4,4
10.4182,13.6607,4,4,4
12.5223,12.1812,4,4,4
11.8493,11.3349,4,4,4
12.1917,11.8001,4,4,4
11.7358,10.8494,4,4,4
12.0994,12.6568,4,4,4
11.5369,13.4001,4,4,4
11.7914,13.1614,4,4,4
12.4113,11.8619,4,4,4
10.9897,11.8213,4,4,4
12.2615,11.9101,4,4,4
10.809,11.4765,4,4,4
11.8121,11.9742,4,4,4
12.5434,11.7296,4,4,4
11.8769,13.0231,4,4,4
13.469,11.428,4,4,4
12.524,12.4043,4,4,4
13.0262,12.5411,4,4,4
11.3152,11.8932,4,4,4
14.1596,11.5974,-1,-1,-1
11.5672,11.51,4,4,4
10.3372,10.9995,4,4,4
12.935,14.3073,4,-1,4
11.6565,12.4158,4,4,4
12.0123,12.3228,4,4,4
10.5885,15.092,-1,-1,-1
12.5608,11.1968,4,4,4
11.5583,12.1521,4,4,4
11.3136,10.7048,4,4,4
10.2316,12.4396,4,4,4
11.3765,12.748,4,4,4
13.4983,11.589,4,4,4
11.4489,11.2018,4,4,4
13.2319,12.9987,4,4,4
13.2094,12.3272,4,4,4
12.4201,12.5578,4,4,4
9.64025,13.2737,4,4,4
10.0018,11.8057,4,4,4
12.2577,12.554,4,4,4
12.5054,11.6188,4,4,4
13.1362,11.5568,4,4,4
11.981,12.9193,4,4,4
9.36361,10.3279,4,4,4
12.3957,13.1564,4,4,4
11.8826,13.1369,4,4,4
11.6539,11.1927,4,4,4
12.5245,11.027,4,4,4
12.8709,12.7805,4,4,4
14.1551,13.5999,-1,-1,-1
12.02,11.2974,4,4,4
10.6793,11.772,4,4,4
12.526,12.2316,4,4,4
10.5885,13.9166,4,4,4
13.0683,13.2829,4,4,4
12.9984,11.7564,4,4,4
12.1387,10.9085,4,4,4
12.1145,12.227,4,4,4
12.3082,11.7838,4,4,4
10.4094,12.2022,4,4,4
13.2754,10.1367,4,4,4
11.056,9.83065,4,4,4
12.5266,11.3649,4,4,4
10.988,11.221,4,4,4
13.2858,12.5847,4,4,4
11.1347,10.698,4,4,4
13.1287,13.4836,4,4,4
12.4494,12.7842,4,4,4
12.7739,13.412,4,4,4
12.3129,11.3918,4,4,4
11.8466,13.3363,4,4,4
13.0988,13.2009,4,4,4
12.3183,10.9726,4,4,4
12.1137,11.389,4,4,4
12.091,12.4581,4,4,4
11.9589,11.2863,4,4,4
11.7004,11.8146,4,4,4
12.0712,11.3987,4,4,4
10.2359,14.4808,-1,-1,-1
11.4827,12.4576,4,4,4
14.2268,10.4302,-1,-1,-1
11.1138,11.1012,4,4,4
12.3647,10.3399,4,4,4
12.5659,11.651,4,4,4
12.0163,13.0687,4,4,4
11.5513,12.6589,4,4,4
12.842,11.6598,4,4,4
11.6099,10.6185,4,4,4
12.6378,12.9709,4,4,4
12.053,13.066,4,4,4
12.0274,12.1223,4,4,4
14.1181,12.096,4,4,4
11.3141,10.8523,4,4,4
11.9444,11.9982,4,4,4
13.1557,12.9015,4,4,4
13.2779,11.044,4,4,4
12.0757,10.6433,4,4,4
11.2182,11.2058,4,4,4
12.0083,10.6571,4,4,4
11.7927,12.6039,4,4,4
12.0713,11.6406,4,4,4
9.59767,13.596,4,4,4
12.3999,12.5722,4,4,4
12.0124,13.056,4,4,4
12.5606,12.865,4,4,4
11.2156,13.0545,4,4,4
12.2926,12.7607,4,4,4
12.5044,11.3701,4,4,4
12.4888,12.3321,4,4,4
12.5328,12.5819,4,4,4
12.4589,13.0291,4,4,4
10.7219,11.6681,4,4,4
13.0337,11.4591,4,4,4
11.0208,12.4112,4,4,4
12.3922,12.031,4,4,4
11.9624,12.8211,4,4,4
13.3289,12.3188,4,4,4
13.1314,13.775,4,4,4
13.0565,13.4312,4,4,4
13.7689,12.9044,4,4,4
9.79506,12.8927,4,4,4
12.3138,13.1273,4,4,4
12.3602,12.0459,4,4,4
13.1426,11.0719,4,4,4
11.3704,12.0652,4,4,4
13.3767,11.3587,4,4,4
12.0259,11.3926,4,4,4
12.8161,13.0308,4,4,4
12.9679,10.6001,4,4,4
12.9898,11.3123,4,4,4
12.6006,11.337,4,4,4
11.2163,11.2923,4,4,4
11.9706,13.9627,4,4,4
11.3426,11.3512,4,4,4
11.8943,10.1214,4,4,4
13.4564,11.0928,4,4,4
12.2082,10.9406,4,4,4
12.0971,11.4428,4,4,4
11.5305,10.9074,4,4,4
11.4907,12.9526,4,4,4
11.7882,13.7409,4,4,4
10.1777,11.4366,4,4,4
11.4775,11.8431,4,4,4
13.0487,12.526,4,4,4
10.5825,12.1123,4,4,4
11.4158,13.0929,4,4,4
10.5684,11.1646,4,4,4
10.9351,13.1118,4,4,4
10.8898,11.9458,4,4,4
11.677,11.7093,4,4,4
11.4031,12.3131,4,4,4
12.7387,12.0547,4,4,4
12.4005,11.4292,4,4,4
12.1857,13.0461,4,4,4
11.5551,13.2088,4,4,4
12.1153,11.517,4,4,4
12.2751,12.4901,4,4,4
12.5422,12.1279,4,4,4
11.2681,10.3978,4,4,4
12.8059,12.7012,4,4,4
10.6621,11.9305,4,4,4
12.6399,10.2119,4,4,4
13.0634,11.4385,4,4,4
12.6973,11.9215,4,4,4
12.5249,13.0714,4,4,4
10.7278,13.0397,4,4,4
12.6555,11.9198,4,4,4
11.9597,12.2582,4,4,4
11.6306,12.6015,4,4,4
13.7948,12.2662,4,4,4
10.707,12.5767,4,4,4
13.5145,11.224,4,4,4
11.32,12.04,4,4,4
11.1795,12.1031,4,4,4
12.4248,13.5569,4,4,4
12.123,10.8027,4,4,4
11.2787,12.4745,4,4,4
11.5491,12.1199,4,4,4
13.5953,12.0911,4,4,4
12.2464,10.1973,4,4,4
12.994,12.0067,4,4,4
11.8251,12.8446,4,4,4
12.5804,11.3024,4,4,4
13.2897,12.1137,4,4,4
13.5062,10.1331,4,4,4
11.6621,13.7254,4,4,4
12.1406,12.2664,4,4,4
11.6061,13.2888,4,4,4
11.5868,10.9972,4,4,4
11.1538,11.3796,4,4,4
11.0493,10.1304,4,4,4
10.4671,13.0898,4,4,4
12.1651,11.3888,4,4,4
11.2628,14.0105,4,4,4
13.0328,10.9779,4,4,4
12.2906,11.5636,4,4,4
11.3256,11.0141,4,4,4
13.0569,11.0021,4,4,4
12.8891,12.7725,4,4,4
12.5304,11.7397,4,4,4
12.4233,13.0219,4,4,4
10.8907,12.2497,4,4,4
12.2197,10.7828,4,4,4
13.2269,14.6547,-1,-1,-1
11.2485,13.6433,4,4,4
14.155,12.823,-1,-1,-1
12.7414,13.6667,4,4,4
13.9346,10.1623,-1,-1,-1
11.3229,13.4374,4,4,4
11.0262,11.3386,4,4,4
11.7327,11.0687,4,4,4
12.4699,13.7672,4,4,4
10.3202,9.84081,4,4,4
11.7296,12.369,4,4,4
11.8378,12.0635,4,4,4
13.9593,12.4766,4,4,4
12.559,12.5045,4,4,4
13.0231,10.9745,4,4,4
12.305,11.774,4,4,4
13.485,13.286,4,4,4
11.889,12.2707,4,4,4
11.6478,9.38348,4,4,4
12.3473,11.3814,4,4,4
12.9026,13.0513,4,4,4
13.549,10.2271,4,4,4
13.551,11.5603,4,4,4
13.7398,12.3323,4,4,4
11.6991,11.3787,4,4,4
11.491,13.5808,4,4,4
11.6634,12.3586,4,4,4
13.1429,11.0733,4,4,4
11.565,13.3988,4,4,4
12.8789,11.3717,4,4,4
10.9514,13.6357,4,4,4
11.8481,12.1254,4,4,4
14.0051,12.3723,4,4,4
10.9409,11.7735,4,4,4
12.545,11.6021,4,4,4
11.8156,11.4749,4,4,4
11.0682,13.4889,4,4,4
11.4677,13.5279,4,4,4
12.6528,9.86363,4,4,4
13.9074,13.1358,-1,-1,-1
12.5299,13.1487,4,4,4
12.728,13.2681,4,4,4
12.5651,11.1024,4,4,4
13.7977,11.6847,4,4,4
12.9601,12.2812,4,4,4
11.9726,12.6737,4,4,4
12.1865,10.1413,4,4,4
10.1207,11.2318,4,4,4
12.7482,11.6291,4,4,4
9.38349,11.7763,4,4,4
12.2495,10.0845,4,4,4
13.3044,11.9756,4,4,4
12.7781,12.7084,4,4,4
11.955,12.7268,4,4,4
12.0803,11.6095,4,4,4
11.5107,12.1517,4,4,4
12.4789,12.4194,4,4,4
10.8397,12.2571,4,4,4
11.7994,10.7691,4,4,4
11.7893,11.6048,4,4,4
12.3899,11.9647,4,4,4
11.4307,12.9052,4,4,4
11.8144,12.6843,4,4,4
13.327,13.2083,4,4,4
10.5631,12.9438,4,4,4
12.6745,10.9729,4,4,4
12.1234,9.59538,4,4,4
12.7724,12.7631,4,4,4
12.9096,11.2728,4,4,4
13.0829,11.5902,4,4,4
12.7437,11.4495,4,4,4
12.7768,12.9306,4,4,4
12.2074,11.7231,4,4,4
12.6434,12.577,4,4,4
12.7717,10.542,4,4,4
10.7046,11.4014,4,4,4
13.551,12.0356,4,4,4
11.0701,12.6816,4,4,4
11.6423,13.3189,4,4,4
10.2948,11.3532,4,4,4
13.2401,10.8676,4,4,4
12.6328,11.674,4,4,4
11.2399,12.2172,4,4,4
12.5509,11.3315,4,4,4
13.373,11.4571,4,4,4
11.9104,11.1256,4,4,4
10.4735,12.7851,4,4,4
11.6362,11.0489,4,4,4
13.6502,11.4188,4,4,4
12.3886,11.2957,4,4,4
13.097,11.6207,4,4,4
12.4942,12.9066,4,4,4
10.1963,10.4086,4,4,4
12.4454,11.8311,4,4,4
12.7112,11.8111,4,4,4
13.8009,10.966,4,4,4
11.558,12.8318,4,4,4
10.7287,11.6024,4,4,4
12.9832,12.6891,4,4,4
12.7363,12.1478,4,4,4
13.2474,14.1513,4,-1,4
11.5555,11.8284,4,4,4
12.6486,12.6519,4,4,4
13.3376,12.5311,4,4,4
13.8673,10.5751,4,4,4
12.9231,13.2628,4,4,4
10.7437,13.3848,4,4,4
10.4569,11.2415,4,4,4
12.1221,11.2568,4,4,4
11.7603,10.4788,4,4,4
12.9559,12.5015,4,4,4
12.8722,11.3104,4,4,4
12.6564,10.6932,4,4,4
11.9642,12.3915,4,4,4
10.8936,11.0927,4,4,4
10,10.7605,4,4,4
11.6696,12.5445,4,4,4
12.7801,11.6293,4,4,4
11.6592,11.7132,4,4,4
12.8437,11.8337,4,4,4
11.2988,11.7108,4,4,4
11.867,11.7772,4,4,4
10.5811,10.3788,4,4,4
12.516,11.8839,4,4,4
12.0682,13.2167,4,4,4
11.3699,12.4329,4,4,4
11.8855,11.5448,4,4,4
12.5262,10.8658,4,4,4
12.6399,11.293,4,4,4
10.7406,11.5104,4,4,4
13.32,13.1324,4,4,4
12.1191,11.9306,4,4,4
12.4376,12.148,4,4,4
11.2892,12.6513,4,4,4
12.6629,10.882,4,4,4
10.2816,12.249,4,4,4
12.2268,11.9971,4,4,4
11.3601,10.2561,4,4,4
13.2949,11.762,4,4,4
14.0751,11.6897,4,4,4
13.5223,13.1973,4,4,4
12.75,11.875,4,4,4
11.4856,9.71383,4,4,4
13.0638,12.88,4,4,4
13.0752,12.4266,4,4,4
12.4766,12.5741,4,4,4
11.6376,11.4953,4,4,4
12.5579,13.6348,4,4,4
11.1792,11.4239,4,4,4
10.1527,12.082,4,4,4
12.1165,12.9855,4,4,4
12.3646,11.9646,4,4,4
12.9978,9.82125,-1,-1,-1
11.9451,12.7276,4,4,4
10.7219,11.1747,4,4,4
11.578,10.5876,4,4,4
12.6784,12.1977,4,4,4
12.7883,12.2831,4,4,4
10.0742,12.3979,4,4,4
11.4853,10.5962,4,4,4
12.7689,11.5154,4,4,4
11.9576,11.2074,4,4,4
12.8275,11.0767,4,4,4
12.3172,12.4147,4,4,4
12.5712,13.1746,4,4,4
11.7109,11.9604,4,4,4
12.5741,11.2117,4,4,4
12.2005,12.5872,4,4,4
11.1446,12.7674,4,4,4
13.4387,12.8337,4,4,4
11.7878,12.07,4,4,4
9.05057,11.7665,4,4,4
6.24616,11.9889,4,4,4
7.13836,12.5584,4,4,4
8.27476,11.5682,4,4,4
8.51873,12.6747,4,4,4
6.3846,13.0885,4,4,4
8.30925,14.1052,4,4,4
6.69518,13.0014,4,4,4
8.57838,11.7101,4,4,4
8.05324,12.3852,4,4,4
8.92758,11.4958,4,4,4
8.24485,12.8117,4,4,4
6.18452,10.9375,4,4,4
8.40264,12.6806,4,4,4
8.59377,13.4349,4,4,4
5.77118,12.8972,-1,-1,-1
6.95885,10.0879,4,4,4
7.0395,12.3483,4,4,4
9.21056,10.8371,4,4,4
7.80057,12.6162,4,4,4
7.74551,11.3907,4,4,4
7.5802,12.8112,4,4,4
8.77551,12.8551,4,4,4
10.0111,11.5704,4,4,4
8.36454,12.3992,4,4,4
9.66617,11.7171,4,4,4
8.24321,13.2411,4,4,4
8.33651,11.9799,4,4,4
7.93267,12.8074,4,4,4
8.54745,10.3087,4,4,4
7.1863,12.6899,4,4,4
7.49187,13.7724,4,4,4
7.48757,11.6188,4,4,4
7.90545,12.8234,4,4,4
7.82291,10.1701,4,4,4
8.26997,12.6864,4,4,4
7.02233,12.3615,4,4,4
10.3091,12.0299,4,4,4
9.42575,12.2218,4,4,4
8.1626,12.0932,4,4,4
6.50343,10.1388,-1,-1,-1
10.123,10.0262,4,4,4
8.44649,13.2447,4,4,4
6.46298,11.5997,4,4,4
8.98124,12.516,4,4,4
7.6166,12.2985,4,4,4
7.98855,12.1415,4,4,4
6.90774,12.0821,4,4,4
5.44075,11.6504,4,4,4
9.6485,12.3747,4,4,4
8.74596,11.1581,4,4,4
8.11187,12.9495,4,4,4
7.37418,11.6086,4,4,4
8.2403,11.3159,4,4,4
9.76381,13.3047,4,4,4
8.8874,12.1676,4,4,4
10.1419,12.8158,4,4,4
8.45455,11.1553,4,4,4
8.34106,12.9752,4,4,4
9.0592,10.9778,4,4,4
8.86268,10.0351,4,4,4
9.18479,13.6031,4,4,4
7.84923,11.9778,4,4,4
9.50235,11.44,4,4,4
9.40503,12.2884,4,4,4
8.10056,11.3196,4,4,4
7.1847,11.2615,4,4,4
7.47138,11.3113,4,4,4
7.21977,11.0741,4,4,4
7.58545,11.2557,4,4,4
8.31359,12.8681,4,4,4
7.3021,9.40511,4,4,4
8.37383,13.1592,4,4,4
8.06412,12.1124,4,4,4
8.52022,10.9063,4,4,4
5.75282,10.1611,-1,-1,-1
6.05178,12.2033,4,4,4
7.35141,12.0606,4,4,4
9.49404,13.0384,4,4,4
7.17981,11.7151,4,4,4
9.08255,10.019,4,4,4
8.7808,12.0023,4,4,4
8.91839,12.5316,4,4,4
8.47059,11.8775,4,4,4
8.54397,12.2742,4,4,4
6.90486,11.5312,4,4,4
8.83181,11.2291,4,4,4
8.8533,12.4115,4,4,4
7.83369,12.196,4,4,4
7.16379,12.1427,4,4,4
8.74924,12.5869,4,4,4
8.037,11.3991,4,4,4
7.90359,11.8699,4,4,4
5.86545,12.5388,4,4,4
7.59654,11.8061,4,4,4
9.69345,13.1332,4,4,4
7.53564,12.8991,4,4,4
8.15226,11.2715,4,4,4
9.42061,11.5514,4,4,4
7.78325,10.8649,4,4,4
8.0576,12.7311,4,4,4
6.35657,11.1182,4,4,4
6.92772,11.6068,4,4,4
7.64875,12.6301,4,4,4
8.5306,12.2086,4,4,4
7.40774,12.4225,4,4,4
7.05701,10.0524,4,4,4
10.2959,12.8231,4,4,4
6.83623,12.8433,4,4,4
8.51907,11.3739,4,4,4
6.14617,12.6708,4,4,4
8.85061,12.959,4,4,4
8.02594,12.5339,4,4,4
8.18391,12.1077,4,4,4
7.83375,12.299,4,4,4
7.63928,12.9122,4,4,4
7.89497,12.1282,4,4,4
6.45528,11.9887,4,4,4
8.67521,11.3199,4,4,4
6.13786,13.304,-1,-1,-1
7.31678,11.1226,4,4,4
6.53612,10.6803,4,4,4
9.02144,11.4106,4,4,4
9.37638,11.7826,4,4,4
6.9193,12.0105,4,4,4
7.9115,10.6448,4,4,4
9.164,11.472,4,4,4
10.0866,12.4774,4,4,4
7.71686,12.3253,4,4,4
8.12033,12.9134,4,4,4
7.06659,12.0158,4,4,4
7.96406,11.5385,4,4,4
7.23099,12.9866,4,4,4
6.99161,11.3855,4,4,4
7.30917,11.8517,4,4,4
8.1741,12.4528,4,4,4
5.86731,13.306,-1,-1,-1
5.27781,12.4806,-1,-1,-1
7.3091,11.9497,4,4,4
9.15223,12.1171,4,4,4
10.34,11.0647,4,4,4
7.70181,12.1174,4,4,4
8.33216,11.4182,4,4,4
8.3155,13.9432,4,4,4
9.21098,10.8949,4,4,4
8.27127,12.6584,4,4,4
8.06042,12.2333,4,4,4
9.19126,10.6929,4,4,4
7.90029,11.3428,4,4,4
5.85076,12.0372,4,4,4
7.61687,13.9233,4,4,4
6.52743,11.9138,4,4,4
7.06122,12.6282,4,4,4
7.26374,11.6194,4,4,4
10.7493,10.766,4,4,4
8.45449,12.596,4,4,4
7.13045,12.3448,4,4,4
7.29474,12.1908,4,4,4
7.86725,12.6107,4,4,4
8.69663,10.7467,4,4,4
7.01357,13.054,4,4,4
7.74885,11.7483,4,4,4
6.5515,11.3456,4,4,4
7.64242,13.615,4,4,4
7.27268,11.9337,4,4,4
6.80352,12.8137,4,4,4
9.20454,13.7396,4,4,4
9.17193,14.2262,-1,-1,-1
8.21492,12.0566,4,4,4
9.99006,14.216,-1,-1,-1
8.41092,11.248,4,4,4
8.92623,10.1178,4,4,4
6.32153,10.2245,-1,-1,-1
7.79413,12.2571,4,4,4
8.39637,12.2206,4,4,4
10.1122,11.427,4,4,4
9.04735,11.1857,4,4,4
6.06193,11.5628,-1,-1,-1
6.53043,11.5705,4,4,4
6.56749,12.8215,4,4,4
9.21105,12.5588,4,4,4
7.50422,11.5652,4,4,4
8.84829,12.4103,4,4,4
8.45213,11.6286,4,4,4
6.78961,13.2386,4,4,4
8.97044,11.9569,4,4,4
7.83314,11.083,4,4,4
7.31585,14.0433,4,4,4
8.24759,12.3659,4,4,4
9.0593,11.819,4,4,4
8.97706,9.92899,4,4,4
6.40115,11.448,4,4,4
8.49187,12.9954,4,4,4
7.0697,10.7259,4,4,4
8.3688,11.8564,4,4,4
10.4255,10.9877,4,4,4
6.70797,13.0006,4,4,4
7.07798,10.1433,4,4,4
8.05884,11.432,4,4,4
9.49534,13.4115,4,4,4
7.51438,11.5007,4,4,4
7.04344,10.9809,4,4,4
7.66237,11.158,4,4,4
6.56031,11.8551,4,4,4
7.78836,10.7363,4,4,4
8.49385,11.4095,4,4,4
8.07449,12.6378,4,4,4
7.82193,12.8869,4,4,4
8.84092,13.1271,4,4,4
10.0139,11.4252,4,4,4
6.65906,11.0089,4,4,4
6.88843,12.1269,4,4,4
8.83704,12.355,4,4,4
10.0083,12.8867,4,4,4
6.35158,10.459,4,4,4
8.63377,10.9472,4,4,4
7.41155,11.7096,4,4,4
9.57108,13.0383,4,4,4
10.9806,13.6587,4,4,4
6.28353,12.9963,4,4,4
9.31288,12.1436,4,4,4
7.40967,11.7045,4,4,4
7.65604,11.1231,4,4,4
8.95971,12.7076,4,4,4
7.1517,11.4228,4,4,4
6.35503,12.0905,4,4,4
9.56512,12.857,4,4,4
8.17427,10.3805,4,4,4
8.62205,11.4811,4,4,4
7.41694,12.5047,4,4,4
8.47603,9.76893,4,4,4
8.39406,11.3878,4,4,4
7.47693,11.2039,4,4,4
6.79622,10.3722,4,4,4
7.99472,11.6497,4,4,4
6.83016,13.1645,4,4,4
6.81303,13.2114,4,4,4
7.67432,13.0166,4,4,4
8.4861,13.4608,4,4,4
10.3501,10.7817,4,4,4
8.02549,11.9691,4,4,4
8.32463,12.9895,4,4,4
7.68273,13.1074,4,4,4
8.25296,11.309,4,4,4
7.47129,10.8782,4,4,4
6.40186,12.5804,4,4,4
8.1486,13.5283,4,4,4
7.23972,12.8421,4,4,4
8.37741,13.3585,4,4,4
7.54134,11.193,4,4,4
8.49444,12.4817,4,4,4
7.94046,12.8772,4,4,4
8.71382,11.2128,4,4,4
7.14572,10.0374,4,4,4
9.42221,13.1674,4,4,4
7.17975,12.4031,4,4,4
8.86281,11.5006,4,4,4
9.01915,13.4079,4,4,4
7.64396,13.1115,4,4,4
8.16083,9.45918,4,4,4
8.54353,11.1093,4,4,4
8.0705,10.9155,4,4,4
9.51443,11.783,4,4,4
7.50114,12.6667,4,4,4
7.65294,10.9291,4,4,4
7.35266,11.5709,4,4,4
7.50578,13.4281,4,4,4
7.28685,11.2211,4,4,4
9.13473,11.6824,4,4,4
8.29704,11.9805,4,4,4
8.56848,14.2458,4,4,4
8.20584,13.6675,4,4,4
7.60268,12.4499,4,4,4
8.46553,12.5654,4,4,4
9.52219,12.1519,4,4,4
6.81389,11.5359,4,4,4
7.4188,13.4945,4,4,4
9.70282,8.81949,4,4,4
7.42603,10.7094,4,4,4
9.03159,12.231,4,4,4
7.60244,12.9478,4,4,4
8.63121,11.6891,4,4,4
10.4117,10.9394,4,4,4
7.31057,13.3982,4,4,4
8.29907,12.2204,4,4,4
8.79172,11.9844,4,4,4
9.71712,12.4671,4,4,4
7.91492,12.0676,4,4,4
6.88867,10.7082,4,4,4
8.04278,11.9666,4,4,4
8.40361,12.2248,4,4,4
8.69838,10.7465,4,4,4
6.36908,13.341,-1,-1,-1
7.57062,12.0656,4,4,4
11.1148,11.7406,4,4,4
7.77989,11.7578,4,4,4
9.318,12.4329,4,4,4
7.97734,12.541,4,4,4
6.52226,12.3219,4,4,4
9.88506,10.6061,4,4,4
7.81064,11.6942,4,4,4
8.63382,12.9213,4,4,4
7.55352,11.5937,4,4,4
9.32299,12.1175,4,4,4
8.27882,11.0574,4,4,4
8.35214,12.5643,4,4,4
7.02763,12.2117,4,4,4
8.81987,13.7819,4,4,4
7.44449,12.4325,4,4,4
8.67188,10.4598,4,4,4
9.10841,11.9347,4,4,4
8.69881,12.9084,4,4,4
9.27692,14.036,4,4,4
8.31475,12.7501,4,4,4
7.55315,13.1306,4,4,4
8.28499,11.252,4,4,4
9.2104,11.91,4,4,4
7.43755,12.0078,4,4,4
9.15246,11.4556,4,4,4
9.77919,11.1965,4,4,4
7.02753,12.7295,4,4,4
7.01111,10.8144,4,4,4
8.5112,13.4486,4,4,4
8.12206,13.1101,4,4,4
7.31994,10.8893,4,4,4
9.16631,12.5818,4,4,4
7.74458,11.1444,4,4,4
8.93101,11.0726,4,4,4
7.91868,11.4688,4,4,4
6.95681,12.261,4,4,4
9.30273,10.8982,4,4,4
7.38148,11.9923,4,4,4
8.43918,11.0874,4,4,4
9.48047,12.9246,4,4,4
10.1105,11.9466,4,4,4
7.13036,10.7895,4,4,4
9.28335,11.0081,4,4,4
7.13497,11.8986,4,4,4
9.53387,11.2417,4,4,4
8.87461,10.7474,4,4,4
7.57003,12.3632,4,4,4
7.51815,12.0471,4,4,4
7.59619,12.4397,4,4,4
10.0834,12.9363,4,4,4
8.67282,12.271,4,4,4
5.78063,10.9676,-1,-1,-1
7.80732,12.493,4,4,4
8.42023,10.9328,4,4,4
8.28886,11.5675,4,4,4
7.01861,12.7956,4,4,4
7.47194,11.2326,4,4,4
7.83424,12.2219,4,4,4
8.25936,12.5453,4,4,4
7.29776,9.67357,4,4,4
7.03482,11.7101,4,4,4
7.12981,11.0362,4,4,4
6.65239,14.9732,-1,-1,-1
9.0899,12.0291,4,4,4
7.04877,11.5101,4,4,4
8.10332,11.9058,4,4,4
5.34537,12.5784,-1,-1,-1
7.9675,12.5103,4,4,4
5.71102,11.6554,4,4,4
8.42127,12.3769,4,4,4
7.05452,12.6688,4,4,4
6.87101,12.4664,4,4,4
6.82413,11.7032,4,4,4
7.05575,13.1717,4,4,4
8.37814,12.4123,4,4,4
6.86072,13.7438,4,4,4
7.29244,11.6728,4,4,4
8.65469,10.9922,4,4,4
9.04682,10.0479,4,4,4
8.00343,11.8527,4,4,4
7.01751,12.5046,4,4,4
8.71649,11.1021,4,4,4
7.13239,12.5544,4,4,4
6.6214,12.4692,4,4,4
8.51053,10.566,4,4,4
7.20266,12.5729,4,4,4
7.95694,10.3967,4,4,4
6.98711,12.8979,4,4,4
8.72098,12.0644,4,4,4
7.58202,13.8363,4,4,4
9.2352,10.7283,4,4,4
8.72423,12.0214,4,4,4
8.00672,12.7124,4,4,4
6.7342,12.5961,4,4,4
8.2604,11.8237,4,4,4
6.77102,10.4414,4,4,4
8.63502,10.7892,4,4,4
7.90952,11.9736,4,4,4
7.89133,11.9975,4,4,4
6.17468,13.5149,-1,-1,-1
9.71749,10.1419,4,4,4
8.34175,11.0002,4,4,4
7.79407,12.6436,4,4,4
8.75017,9.53778,4,4,4
8.12255,12.1132,4,4,4
7.88922,12.5357,4,4,4
9.29451,10.3872,4,4,4
8.46127,12.0144,4,4,4
7.89101,13.1824,4,4,4
8.02069,12.3687,4,4,4
8.35619,12.5298,4,4,4
8.79309,13.3404,4,4,4
5.8116,11.8426,4,4,4
7.68247,11.0518,4,4,4
6.88863,11.3158,4,4,4
8.45108,11.6105,4,4,4
7.86508,11.8193,4,4,4
7.84793,12.9719,4,4,4
7.19481,11.375,4,4,4
8.43666,12.6244,4,4,4
9.00101,11.6378,4,4,4
7.4352,11.2246,4,4,4
8.49528,12.9342,4,4,4
8.28432,13.4852,4,4,4
8.56045,10.3511,4,4,4
8.1552,12.5437,4,4,4
7.72128,12.9927,4,4,4
5.65711,11.6907,4,4,4
7.13926,10.8702,4,4,4
7.90985,12.0968,4,4,4
7.11802,13.6641,4,4,4
7.17985,12.5396,4,4,4
9.95436,11.4049,4,4,4
8.92853,12.707,4,4,4
7.76056,11.8896,4,4,4
8.80278,11.2682,4,4,4
7.6124,12.906,4,4,4
7.66312,13.0798,4,4,4
7.43734,12.6425,4,4,4
7.20684,13.0132,4,4,4
7.41375,13.8025,4,4,4
7.92555,11.706,4,4,4
8.46233,12.2857,4,4,4
7.64499,13.0811,4,4,4
8.33819,10.5853,4,4,4
9.31239,13.5809,4,4,4
10.9146,12.1205,4,4,4
8.97572,12.7106,4,4,4
9.44961,11.4871,4,4,4
8.96874,13.0651,4,4,4
8.71667,13.2312,4,4,4
6.56474,11.0224,4,4,4
8.10996,10.4471,4,4,4
6.66707,13.2694,4,4,4
6.11724,12.8217,4,4,4
7.71502,10.7934,4,4,4
7.8904,11.0808,4,4,4
5.65487,12.0482,4,4,4
7.78728,12.2661,4,4,4
8.90247,11.4242,4,4,4
8.83232,12.5511,4,4,4
6.93627,12.4312,4,4,4
8.15154,11.7897,4,4,4
8.92259,12.195,4,4,4
7.99197,11.8713,4,4,4
8.24432,12.6268,4,4,4
8.51302,11.9329,4,4,4
7.94092,13.2481,4,4,4
9.14929,12.9158,4,4,4
6.89194,10.655,4,4,4
6.75671,13.3372,4,4,4
6.76439,12.8498,4,4,4
8.59985,12.3067,4,4,4
7.4109,14.0669,4,4,4
7.33444,12.8695,4,4,4
5.95264,11.8583,4,4,4
8.61367,11.8951,4,4,4
7.43724,11.42,4,4,4
9.09695,12.1759,4,4,4
9.10407,12.5027,4,4,4
8.79871,10.7299,4,4,4
7.98676,10.5623,4,4,4
9.35006,12.7903,4,4,4
7.98483,10.9246,4,4,4
6.94999,11.1857,4,4,4
7.6357,12.9649,4,4,4
10.7738,10.4076,4,4,4
8.66249,13.0371,4,4,4
8.11521,12.6321,4,4,4
7.72678,12.0253,4,4,4
9.22371,11.9698,4,4,4
8.38248,11.8259,4,4,4
9.59893,10.9571,4,4,4
7.90306,11.1477,4,4,4
5.90387,11.8575,4,4,4
8.47561,9.71977,4,4,4
9.16435,10.3579,4,4,4
7.47992,11.2765,4,4,4
7.5816,12.6523,4,4,4
8.90723,12.4978,4,4,4
6.71544,11.2158,4,4,4
9.28249,11.3163,4,4,4
9.16569,10.4674,4,4,4
6.47167,10.8352,4,4,4
6.86233,11.5868,4,4,4
6.40231,11.9953,4,4,4
4.92944,13.0914,-1,-1,-1
7.04143,12.2042,4,4,4
7.99956,12.9091,4,4,4
8.29935,12.069,4,4,4
8.10375,11.7164,4,4,4
7.38098,11.5127,4,4,4
7.70587,11.1691,4,4,4
8.11953,11.9494,4,4,4
7.37084,9.60714,4,4,4
8.9137,10.3881,4,4,4
9.07574,12.3767,4,4,4
8.76897,11.188,4,4,4
7.54898,12.0758,4,4,4
7.46553,12.4986,4,4,4
9.12569,11.3776,4,4,4
4.30687,11.6491,-1,-1,-1
8.18646,13.2294,4,4,4
5.12751,11.2639,-1,-1,-1
6.56556,13.022,4,4,4
6.92554,13.5415,4,4,4
9.2039,13.0549,4,4,4
7.88276,12.8331,4,4,4
7.84804,12.3742,4,4,4
7.0224,13.2999,4,4,4
9.33611,12.061,4,4,4
10.8643,11.0519,4,4,4
9.92061,12.2766,4,4,4
7.09535,11.9569,4,4,4
9.44622,10.991,4,4,4
6.40201,11.2899,4,4,4
7.73548,11.8672,4,4,4
7.55816,12.4176,4,4,4
7.23676,12.4833,4,4,4
9.50439,12.8593,4,4,4
7.31016,14.5389,-1,-1,-1
6.05426,13.9449,-1,-1,-1
8.04806,11.046,4,4,4
6.41628,11.3849,4,4,4
7.70937,12.4597,4,4,4
8.11776,11.4054,4,4,4
7.8775,11.2132,4,4,4
6.24658,11.2691,4,4,4
7.66956,12.3734,4,4,4
7.82032,12.9775,4,4,4
8.17572,10.6272,4,4,4
8.69286,11.0818,4,4,4
7.81763,12.8683,4,4,4
10.0105,10.9573,4,4,4
8.50122,10.966,4,4,4
6.8571,12.9092,4,4,4
7.44526,13.2316,4,4,4
8.19786,11.1984,4,4,4
7.59672,11.6331,4,4,4
8.51021,12.4785,4,4,4
7.1847,11.6189,4,4,4
8.18653,11.8801,4,4,4
7.96985,12.2286,4,4,4
8.4483,11.3493,4,4,4
7.16857,12.9124,4,4,4
9.76204,11.4986,4,4,4
7.03035,13.0121,4,4,4
7.37508,11.2212,4,4,4
10.5608,12.0326,4,4,4
7.23185,12.8554,4,4,4
8.94477,11.269,4,4,4
8.26119,11.4129,4,4,4
9.13317,11.1792,4,4,4
8.82932,11.6689,4,4,4
7.70907,10.8311,4,4,4
9.0479,10.1317,4,4,4
7.57216,13.7622,4,4,4
7.27434,12.2294,4,4,4
7.78396,11.9059,4,4,4
7.84666,10.4163,4,4,4
9.45918,12.7491,4,4,4
7.14087,10.4532,4,4,4
6.79429,12.172,4,4,4
8.05345,11.0675,4,4,4
6.79306,12.8468,4,4,4
7.21365,12.5292,4,4,4
6.83618,12.0015,4,4,4
8.61127,12.0353,4,4,4
8.79158,11.3391,4,4,4
8.82093,11.9857,4,4,4
8.66188,12.8375,4,4,4
7.20354,11.5597,4,4,4
7.33618,11.5322,4,4,4
5.96198,11.4229,-1,-1,-1
9.30271,11.5876,4,4,4
9.24635,13.5451,4,4,4
7.88757,12.8323,4,4,4
5.45437,10.9941,-1,-1,-1
7.64645,12.4114,4,4,4
7.22112,11.6597,4,4,4
8.34132,11.769,4,4,4
9.20892,12.2018,4,4,4
7.71429,12.7142,4,4,4
5.90835,11.9342,4,4,4
8.38141,11.9949,4,4,4
7.57835,12.1161,4,4,4
8.64599,9.63185,4,4,4
8.5796,11.2289,4,4,4
6.83534,13.2249,4,4,4
8.17349,13.3216,4,4,4
8.64933,12.5786,4,4,4
8.33927,10.6031,4,4,4
7.11253,12.7172,4,4,4
8.03447,11.4392,4,4,4
7.91951,12.0686,4,4,4
9.32381,12.4677,4,4,4
8.72679,12.4641,4,4,4
6.70111,10.5526,4,4,4
9.67924,11.4251,4,4,4
8.25683,10.5955,4,4,4
8.86851,14.4509,-1,-1,-1
8.26489,13.0369,4,4,4
9.17138,11.7148,4,4,4
7.53565,10.5982,4,4,4
7.34788,13.0632,4,4,4
8.59412,12.0525,4,4,4
9.76845,11.375,4,4,4
8.40911,12.5278,4,4,4
8.03957,13.4956,4,4,4
7.86435,12.4443,4,4,4
8.4501,12.0983,4,4,4
7.89508,11.7022,4,4,4
7.33192,10.8821,4,4,4
8.38765,11.4757,4,4,4
8.89978,13.1521,4,4,4
8.04865,10.2852,4,4,4
7.95093,10.7833,4,4,4
5.21917,11.4697,-1,-1,-1
8.54252,10.7736,4,4,4
8.7433,12.2647,4,4,4
8.66663,12.1767,4,4,4
8.08677,10.3439,4,4,4
9.67989,10.8695,4,4,4
7.12572,11.1309,4,4,4
7.23034,9.71187,4,4,4
8.2308,11.4484,4,4,4
6.4478,11.8023,4,4,4
7.60849,11.7897,4,4,4
7.80631,11.6738,4,4,4
9.08908,13.4451,4,4,4
8.25069,12.9911,4,4,4
5.29448,11.35,-1,-1,-1
7.92296,11.5223,4,4,4
7.08298,12.1265,4,4,4
8.38499,10.6862,4,4,4
8.13588,11.7581,4,4,4
5.6832,12.4067,4,4,4
8.6011,11.5367,4,4,4
6.46673,11.5674,4,4,4
6.82846,11.8339,4,4,4
7.69772,10.4827,4,4,4
8.74172,12.517,4,4,4
6.17418,13.9401,-1,-1,-1
8.71476,11.8352,4,4,4
7.5853,11.8017,4,4,4
7.28209,12.802,4,4,4
9.24825,12.115,4,4,4
7.98868,12.2931,4,4,4
9.55166,13.529,4,4,4
7.06667,11.1728,4,4,4
8.90556,12.2125,4,4,4
7.45903,12.596,4,4,4
10.1795,11.7544,4,4,4
9.12152,10.9997,4,4,4
5.6551,12.5482,4,4,4
7.70398,11.6096,4,4,4
8.28225,12.2986,4,4,4
8.71127,12.7333,4,4,4
8.52348,12.5197,4,4,4
7.1555,12.1521,4,4,4
8.3283,12.3037,4,4,4
7.83831,13.8688,4,4,4
8.27064,13.2795,4,4,4
8.49268,13.9401,4,4,4
7.35526,12.947,4,4,4
6.05101,12.3347,4,4,4
7.93239,10.9569,4,4,4
9.31479,12.0542,4,4,4
7.43015,13.7445,4,4,4
10.6865,12.0304,4,4,4
8.41916,11.3169,4,4,4
8.6581,11.7311,4,4,4
8.22131,12.7202,4,4,4
8.14061,10.7991,4,4,4
8.35955,11.1011,4,4,4
7.36056,11.026,4,4,4
6.56052,11.6605,4,4,4
8.74722,12.9826,4,4,4
7.48689,12.2455,4,4,4
9.43347,13.6537,4,4,4
5.82357,11.4659,4,4,4
8.53178,11.0278,4,4,4
7.79286,11.1005,4,4,4
8.79255,13.2374,4,4,4
8.28016,11.2921,4,4,4
8.68144,12.7308,4,4,4
10.2732,9.96142,4,4,4
7.38398,11.7086,4,4,4
8.33923,10.9794,4,4,4
8.83576,10.7757,4,4,4
7.88714,11.1846,4,4,4
8.66494,11.8417,4,4,4
8.06172,11.7244,4,4,4
8.39906,13.4033,4,4,4
9.9237,10.8426,4,4,4
5.65676,11.1394,-1,-1,-1
9.02973,11.3726,4,4,4
7.29646,10.8819,4,4,4
7.39656,12.9974,4,4,4
7.57162,12.7937,4,4,4
7.1542,11.8245,4,4,4
7.37387,13.1194,4,4,4
9.44088,11.2757,4,4,4
8.40605,11.5234,4,4,4
8.62197,12.0796,4,4,4
7.23665,11.2788,4,4,4
6.49839,12.7385,4,4,4
9.22727,12.4407,4,4,4
7.68054,11.5632,4,4,4
7.56265,12.4274,4,4,4
7.42046,11.3447,4,4,4
8.17861,12.6569,4,4,4
7.43282,11.117,4,4,4
8.73773,11.0931,4,4,4
6.33994,12.2568,4,4,4
7.67316,13.256,4,4,4
9.10843,10.56,4,4,4
7.67166,11.3351,4,4,4
7.32857,11.7051,4,4,4
7.41462,12.388,4,4,4
7.09935,11.7666,4,4,4
6.44829,12.2144,4,4,4
9.27728,12.8618,4,4,4
5.85424,10.5814,-1,-1,-1
9.06901,11.5031,4,4,4
8.45199,11.5003,4,4,4
7.14357,11.3315,4,4,4
7.92733,13.206,4,4,4
8.36002,11.9889,4,4,4
7.40788,13.0485,4,4,4
8.46562,11.3611,4,4,4
8.43048,13.0702,4,4,4
6.36685,11.6935,4,4,4
6.23303,13.0007,4,4,4
8.01001,12.0269,4,4,4
6.87766,9.28328,-1,-1,-1
6.35419,12.4057,4,4,4
9.25286,13.4553,4,4,4
7.35701,12.9889,4,4,4
7.86058,11.8508,4,4,4
9.44278,14.3155,-1,-1,-1
7.79967,10.9453,4,4,4
7.93347,12.3277,4,4,4
7.21703,11.662,4,4,4
7.49787,10.9131,4,4,4
8.31601,11.1942,4,4,4
8.30652,13.394,4,4,4
6.0427,11.0142,-1,-1,-1
8.09941,10.5828,4,4,4
9.39687,11.3965,4,4,4
7.21559,12.0808,4,4,4
9.75449,12.9724,4,4,4
5.94622,11.1113,-1,-1,-1
7.72923,12.8931,4,4,4
8.66816,11.1963,4,4,4
8.17908,13.2961,4,4,4
7.96294,10.812,4,4,4
8.83136,11.7219,4,4,4
8.76665,13.7313,4,4,4
6.97465,13.6504,4,4,4
7.53287,11.2584,4,4,4
7.43882,11.6204,4,4,4
8.21875,12.9284,4,4,4
9.62905,10.9583,4,4,4
7.19485,11.9801,4,4,4
9.14037,11.8034,4,4,4
8.42476,12.5028,4,4,4
8.77819,10.641,4,4,4
10.6933,13.9766,4,4,4
8.23587,13.441,4,4,4
7.14665,13.1283,4,4,4
7.2568,10.8998,4,4,4
6.04546,12.3099,4,4,4
8.2919,11.0253,4,4,4
8.00535,10.3162,4,4,4
8.55299,11.7555,4,4,4
9.44974,13.3811,4,4,4
7.83011,11.8314,4,4,4
6.45473,12.3592,4,4,4
6.01478,12.3204,4,4,4
8.30413,10.6611,4,4,4
7.75307,12.5447,4,4,4
7.18798,11.0927,4,4,4
8.32207,11.5184,4,4,4
7.69383,10.2615,4,4,4
7.05758,13.1,4,4,4
6.24028,12.5295,4,4,4
9.44339,10.132,4,4,4
7.22458,10.7637,4,4,4
8.46425,13.8425,4,4,4
7.76069,11.6473,4,4,4
8.49223,10.6534,4,4,4
10.3105,12.4638,4,4,4
7.17646,10.4253,4,4,4
7.34354,12.5167,4,4,4
9.05832,13.0532,4,4,4
7.82425,10.8007,4,4,4
7.60236,11.9422,4,4,4
9.94194,11.6844,4,4,4
6.70679,11.3259,4,4,4
7.0369,10.689,4,4,4
8.24628,10.9071,4,4,4
9.0468,12.1904,4,4,4
7.92995,9.8255,4,4,4
8.79285,13.6668,4,4,4
7.7456,12.9647,4,4,4
8.48657,13.2554,4,4,4
7.90847,12.1773,4,4,4
8.35471,10.8415,4,4,4
6.59556,11.9532,4,4,4
7.63672,11.2002,4,4,4
8.83442,12.0354,4,4,4
7.52703,11.9091,4,4,4
9.20325,12.6946,4,4,4
8.52996,10.909,4,4,4
6.40336,12.1067,4,4,4
6.86401,10.8834,4,4,4
7.87621,10.1072,4,4,4
8.84691,11.0714,4,4,4
8.56707,11.0724,4,4,4
8.95511,12.9534,4,4,4
8.37006,10.8034,4,4,4
9.95801,11.6879,4,4,4
6.72788,11.2232,4,4,4
8.319,11.436,4,4,4
6.70438,12.7596,4,4,4
7.2509,11.6356,4,4,4
8.518,12.152,4,4,4
8.16572,13.3763,4,4,4
8.60599,11.1545,4,4,4
9.48395,11.9643,4,4,4
8.83877,10.602,4,4,4
7.5954,11.3246,4,4,4
7.08141,12.5756,4,4,4
8.85832,13.0535,4,4,4
10.2926,13.1071,4,4,4
5.6531,12.232,4,4,4
6.97176,11.994,4,4,4
8.56268,13.8532,4,4,4
6.77237,11.7667,4,4,4
9.25884,12.017,4,4,4
8.2735,12.1935,4,4,4
7.01938,12.8907,4,4,4
5.31699,11.7792,-1,-1,-1
8.11774,10.5759,4,4,4
7.84997,11.2561,4,4,4
7.94843,11.4009,4,4,4
8.25686,11.438,4,4,4
8.27889,11.9416,4,4,4
8.23018,12.2957,4,4,4
8.16639,11.7139,4,4,4
7.32997,10.6456,4,4,4
9.20262,10.8572,4,4,4
5.33,12.411,-1,-1,-1
8.94889,10.3978,4,4,4
8.38725,11.5957,4,4,4
8.52491,11.6382,4,4,4
9.10163,12.4327,4,4,4
7.01765,12.0291,4,4,4
8.27403,11.1571,4,4,4
7.30778,11.9092,4,4,4
7.53103,12.3281,4,4,4
7.9897,10.5797,4,4,4
7.47202,11.8351,4,4,4
8.17321,10.2206,4,4,4
6.7986,10.9557,4,4,4
8.18367,11.7028,4,4,4
7.87904,11.3443,4,4,4
7.71596,13.3754,4,4,4
8.85251,11.0485,4,4,4
8.24704,13.1789,4,4,4
6.85862,11.6149,4,4,4
8.18022,11.4692,4,4,4
8.04566,12.1928,4,4,4
6.53316,11.4739,4,4,4
6.23434,10.4801,-1,-1,-1
7.80292,12.0321,4,4,4
6.61704,10.4989,4,4,4
7.67524,12.347,4,4,4
8.90127,11.8485,4,4,4
7.95894,12.4765,4,4,4
6.89255,10.7579,4,4,4
7.21688,11.2098,4,4,4
6.82543,12.1341,4,4,4
8.38561,14.0974,4,4,4
8.7807,12.792,4,4,4
6.99041,10.7568,4,4,4
6.93902,11.3629,4,4,4
8.30169,11.2892,4,4,4
8.1062,10.853,4,4,4
8.78642,11.3305,4,4,4
8.95007,12.2152,4,4,4
6.68117,12.5951,4,4,4
10.2362,12.7314,4,4,4
7.43488,11.4516,4,4,4
7.14249,12.2384,4,4,4
8.04329,13.2781,4,4,4
7.71896,12.6431,4,4,4
9.87436,12.8403,4,4,4
10.7895,12.5667,4,4,4
7.66361,10.8476,4,4,4
6.88926,10.1532,4,4,4
8.27793,12.554,4,4,4
7.95844,10.1151,4,4,4
10.4076,12.0671,4,4,4
8.97729,11.4812,4,4,4
6.99336,12.6788,4,4,4
7.0404,12.3212,4,4,4
9.53623,11.3411,4,4,4
7.97916,11.1823,4,4,4
8.32263,12.1269,4,4,4
10.0974,9.79474,4,4,4
6.77335,10.8288,4,4,4
8.48458,11.1933,4,4,4
8.82404,12.68,4,4,4
9.20079,11.1532,4,4,4
5.26969,12.489,-1,-1,-1
10.6585,12.3134,4,4,4
7.10883,10.8063,4,4,4
7.24999,12.0691,4,4,4
7.88618,12.9438,4,4,4
8.209,10.3711,4,4,4
7.07548,13.1042,4,4,4
8.90877,12.5623,4,4,4
7.09454,10.7931,4,4,4
7.34721,12.98,4,4,4
6.38181,12.7675,4,4,4
7.9108,10.9366,4,4,4
8.64288,14.5005,-1,-1,-1
7.55656,11.9176,4,4,4
9.57527,12.6383,4,4,4
9.70434,11.944,4,4,4
7.65302,11.4948,4,4,4
7.85759,10.8661,4,4,4
8.12751,11.7499,4,4,4
7.87577,11.4045,4,4,4
8.80108,12.7051,4,4,4
6.85873,11.4684,4,4,4
9.38827,14.2741,-1,-1,-1
7.16425,12.1755,4,4,4
7.11952,13.4195,4,4,4
9.48465,12.3196,4,4,4
7.95531,11.4728,4,4,4
7.542,12.993,4,4,4
9.03772,11.1474,4,4,4
8.173,11.258,4,4,4
6.34448,12.6686,4,4,4
8.92783,10.7052,4,4,4
7.36459,11.0502,4,4,4
8.22098,11.4527,4,4,4
7.89983,12.6087,4,4,4
6.36215,11.5648,4,4,4
9.22388,13.8627,4,4,4
9.10595,12.3651,4,4,4
8.26893,12.2827,4,4,4
7.95226,11.9609,4,4,4
7.43612,12.9404,4,4,4
9.62003,13.1144,4,4,4
9.72658,12.9782,4,4,4
8.02288,11.4765,4,4,4
6.89784,12.9413,4,4,4
9.3489,11.765,4,4,4
7.77617,10.8258,4,4,4
8.02895,12.7515,4,4,4
8.44278,11.7233,4,4,4
8.2826,11.5267,4,4,4
9.74948,11.3201,4,4,4
8.2208,12.4203,4,4,4
6.7131,11.6656,4,4,4
8.58271,10.7155,4,4,4
7.83596,10.6446,4,4,4
8.81131,11.9366,4,4,4
8.71221,12.5077,4,4,4
7.8565,12.2639,4,4,4
9.44667,11.5834,4,4,4
8.40719,10.2887,4,4,4
7.40512,11.623,4,4,4
8.47752,12.1067,4,4,4
7.94664,13.1733,4,4,4
8.79715,11.4267,4,4,4
8.05801,13.2041,4,4,4
8.03739,13.591,4,4,4
8.25585,11.7654,4,4,4
9.49543,11.5988,4,4,4
8.42997,12.3786,4,4,4
6.55866,13.4068,4,4,4
